null,NULL,NULL,Abra,Bangued,120.6170,17.6000
null,NULL,NULL,Abra,Boliney,120.8000,17.4000
null,NULL,NULL,Abra,Bucay,120.7170,17.5330
null,NULL,NULL,Abra,Bucloc,120.8500,17.4500
null,NULL,NULL,Abra,Daguioman,120.9170,17.4500
null,NULL,NULL,Abra,Danglas,120.6500,17.7000
null,NULL,NULL,Abra,Dolores,120.7108,17.6467
null,NULL,NULL,Abra,La Paz,120.6931,17.7056
null,NULL,NULL,Abra,Lacub,120.9500,17.6670
null,NULL,NULL,Abra,Lagangilang,120.7830,17.6170
null,NULL,NULL,Abra,Lagayan,120.7000,17.7170
null,NULL,NULL,Abra,Langiden,120.5670,17.5830
null,NULL,NULL,Abra,Licuan-Baay,120.8322,17.6269
null,NULL,NULL,Abra,Luba,120.6911,17.3492
null,NULL,NULL,Abra,Malibcong,120.9830,17.5670
null,NULL,NULL,Abra,Manabo,120.7000,17.4670
null,NULL,NULL,Abra,Penarrubia,120.6500,17.5670
null,NULL,NULL,Abra,Pidigan,120.5830,17.5670
null,NULL,NULL,Abra,Pilar,120.5942,17.4175
null,NULL,NULL,Abra,Sallapadan,120.7670,17.4670
null,NULL,NULL,Abra,San Isidro,120.6000,17.4670
null,NULL,NULL,Abra,San Juan,120.7500,17.7170
null,NULL,NULL,Abra,San Quintin,120.5192,17.5431
null,NULL,NULL,Abra,Tayum,120.6500,17.6170
null,NULL,NULL,Abra,Tineg,120.9330,17.7670
null,NULL,NULL,Abra,Tubo,120.7170,17.1670
null,NULL,NULL,Abra,Villaviciosa,120.6330,17.4330
null,NULL,NULL,Agusan del Norte,Butuan City,125.5300,8.9500
null,NULL,NULL,Agusan del Norte,Buenavista,125.4170,8.9670
null,NULL,NULL,Agusan del Norte,Cabadbaran,125.5330,9.1170
null,NULL,NULL,Agusan del Norte,Carmen,125.3000,8.9830
null,NULL,NULL,Agusan del Norte,Jabonga,125.5170,9.3500
null,NULL,NULL,Agusan del Norte,Kitcharao,125.5670,9.4500
null,NULL,NULL,Agusan del Norte,Las Nieves,125.6000,8.7330
null,NULL,NULL,Agusan del Norte,Magallanes,125.5170,9.0170
null,NULL,NULL,Agusan del Norte,Nasipit,,
null,NULL,NULL,Agusan del Norte,Remedios T. Romualdez,125.5867,9.0536
null,NULL,NULL,Agusan del Norte,Santiago,125.5670,9.2670
null,NULL,NULL,Agusan del Norte,Tubay,125.5330,9.1670
null,NULL,NULL,Agusan del Sur,Bayugan,125.7500,8.7170
null,NULL,NULL,Agusan del Sur,Bunawan,126.0000,8.1670
null,NULL,NULL,Agusan del Sur,Esperanza,125.6500,8.6830
null,NULL,NULL,Agusan del Sur,La Paz,125.8000,8.2670
null,NULL,NULL,Agusan del Sur,Loreto,125.8500,8.1830
null,NULL,NULL,Agusan del Sur,Prosperidad,125.9170,8.6000
null,NULL,NULL,Agusan del Sur,Rosario,126.0000,8.3830
null,NULL,NULL,Agusan del Sur,San Francisco,125.9830,8.5000
null,NULL,NULL,Agusan del Sur,San Luis,125.7439,8.4781
null,NULL,NULL,Agusan del Sur,Sta. Josefa,126.0330,7.9830
null,NULL,NULL,Agusan del Sur,Sibagat,125.7000,8.8170
null,NULL,NULL,Agusan del Sur,Talacogon,125.7830,8.4500
null,NULL,NULL,Agusan del Sur,Trento,126.0670,8.0500
null,NULL,NULL,Agusan del Sur,Veruela,125.9000,8.0330
null,NULL,NULL,Aklan,Altavas,122.4830,11.5330
null,NULL,NULL,Aklan,Balete,122.3830,11.5500
null,NULL,NULL,Aklan,Banga,122.3330,11.6330
null,NULL,NULL,Aklan,Batan,122.5000,11.5830
null,NULL,NULL,Aklan,Buruanga,121.9000,11.8500
null,NULL,NULL,Aklan,Ibajay,122.1670,11.8170
null,NULL,NULL,Aklan,Kalibo,122.3670,11.7000
null,NULL,NULL,Aklan,Lezo,122.3330,11.6670
null,NULL,NULL,Aklan,Libacao,122.3000,11.4830
null,NULL,NULL,Aklan,Madalag,122.3000,11.5170
null,NULL,NULL,Aklan,Makato,122.2830,11.7000
null,NULL,NULL,Aklan,Malay,121.9083,11.9000
null,NULL,NULL,Aklan,Malinao,122.3000,11.6500
null,NULL,NULL,Aklan,Nabas,122.0830,11.8330
null,NULL,NULL,Aklan,New Washington,122.4330,11.6500
null,NULL,NULL,Aklan,Numancia,122.3330,11.7000
null,NULL,NULL,Aklan,Tangalan,122.2500,11.7670
null,NULL,NULL,Albay,Legazpi City,123.7300,13.1300
null,NULL,NULL,Albay,Ligao City,123.5170,13.2170
null,NULL,NULL,Albay,Tabaco City,123.7303,13.3594
null,NULL,NULL,Albay,Bacacay,123.8000,13.3000
null,NULL,NULL,Albay,Camalig,123.6670,13.1330
null,NULL,NULL,Albay,Daraga,123.6939,13.1619
null,NULL,NULL,Albay,Guinobatan,123.6000,13.1830
null,NULL,NULL,Albay,Jovellar,123.6000,13.0670
null,NULL,NULL,Albay,Libon,123.4330,13.3000
null,NULL,NULL,Albay,Malilipot,123.7330,13.3170
null,NULL,NULL,Albay,Malinao,123.7000,13.4000
null,NULL,NULL,Albay,Manito,123.8670,13.1170
null,NULL,NULL,Albay,Oas,123.4953,13.2589
null,NULL,NULL,Albay,Pio Duran,123.4500,13.0330
null,NULL,NULL,Albay,Polangui,123.4856,13.2922
null,NULL,NULL,Albay,Rapu-Rapu,124.1330,13.1830
null,NULL,NULL,Albay,Sto. Domingo,123.7769,13.2350
null,NULL,NULL,Albay,Tiwi,123.6830,13.4500
null,NULL,NULL,Antique,Anini-y,121.9330,10.4330
null,NULL,NULL,Antique,Barbaza,122.0500,11.2000
null,NULL,NULL,Antique,Belison,122.2670,10.7170
null,NULL,NULL,Antique,Bugasong,122.0670,11.0500
null,NULL,NULL,Antique,Caluya,121.5170,11.9000
null,NULL,NULL,Antique,Culasi,122.0670,11.4170
null,NULL,NULL,Antique,Hamtic,121.9830,10.7000
null,NULL,NULL,Antique,Laua-an,122.0500,11.1500
null,NULL,NULL,Antique,Libertad,121.9170,11.7830
null,NULL,NULL,Antique,Pandan,122.1000,11.7170
null,NULL,NULL,Antique,Patnongon,121.9830,10.9170
null,NULL,NULL,Antique,San Jose,121.9500,10.7500
null,NULL,NULL,Antique,San Remigio,122.1200,10.8800
null,NULL,NULL,Antique,Sebaste,122.1000,11.5830
null,NULL,NULL,Antique,Sibalom,122.0170,10.7830
null,NULL,NULL,Antique,Tibiao,122.0500,11.2830
null,NULL,NULL,Antique,Tobias Fornier,121.9500,10.5170
null,NULL,NULL,Antique,Valderrama,122.1330,11.0000
null,NULL,NULL,Apayao,Calanasan,121.0330,18.2500
null,NULL,NULL,Apayao,Conner,121.3330,17.8000
null,NULL,NULL,Apayao,Flora,121.4000,18.1170
null,NULL,NULL,Apayao,Kabugao,121.1830,18.0170
null,NULL,NULL,Apayao,Luna,121.3536,18.3258
null,NULL,NULL,Apayao,Pudtol,121.2830,18.1500
null,NULL,NULL,Apayao,Sta. Marcela,121.4330,18.2830
null,NULL,NULL,Aurora,Baler,121.5670,15.7670
null,NULL,NULL,Aurora,Casiguran,122.0444,16.2833
null,NULL,NULL,Aurora,Dilasag,122.2170,16.4000
null,NULL,NULL,Aurora,Dinalungan,121.7739,16.1000
null,NULL,NULL,Aurora,Dingalan,121.4000,15.3830
null,NULL,NULL,Aurora,Dipaculao,121.6330,15.9830
null,NULL,NULL,Aurora,Maria Aurora,121.4670,15.7830
null,NULL,NULL,Aurora,San Luis,121.5170,15.7170
null,NULL,NULL,Basilan,Isabela City,121.9700,6.7000
null,NULL,NULL,Basilan,Akbar,122.2170,6.6500
null,NULL,NULL,Basilan,Al-Barka,122.1830,6.4670
null,NULL,NULL,Basilan,Hadji Mohammad Ajul,122.3000,6.6170
null,NULL,NULL,Basilan,Hadji Muhtamad,121.6170,6.6330
null,NULL,NULL,Basilan,Lamitan,122.1330,6.6500
null,NULL,NULL,Basilan,Lantawan,121.8670,6.6500
null,NULL,NULL,Basilan,Maluso,121.8830,6.5500
null,NULL,NULL,Basilan,Sumisip,121.9830,6.4170
null,NULL,NULL,Basilan,Tabuan-Lasa,121.9670,6.3500
null,NULL,NULL,Basilan,Tipo-Tipo,122.1670,6.5330
null,NULL,NULL,Basilan,Tuburan,122.2000,6.6000
null,NULL,NULL,Basilan,Ungkaya Pukan,122.1170,6.5000
null,NULL,NULL,Bataan,Balanga City,,
null,NULL,NULL,Bataan,Abucay,120.5330,14.7330
null,NULL,NULL,Bataan,Bagac,120.4000,14.6000
null,NULL,NULL,Bataan,Dinalupihan,120.4670,14.8830
null,NULL,NULL,Bataan,Hermosa,120.5000,14.8330
null,NULL,NULL,Bataan,Limay,120.6000,14.5670
null,NULL,NULL,Bataan,Mariveles,120.4830,14.4330
null,NULL,NULL,Bataan,Morong,120.2670,14.6830
null,NULL,NULL,Bataan,Orani,120.5330,14.8000
null,NULL,NULL,Bataan,Orion,120.5830,14.6170
null,NULL,NULL,Bataan,Pilar,120.5670,14.6670
null,NULL,NULL,Bataan,Samal,120.5500,14.7670
null,NULL,NULL,Batanes,Basco,121.9699,20.4497
null,NULL,NULL,Batanes,Itbayat,121.8500,20.7670
null,NULL,NULL,Batanes,Ivana,121.9170,20.3670
null,NULL,NULL,Batanes,Mahatao,121.9500,20.4170
null,NULL,NULL,Batanes,Sabtang,121.8670,20.3330
null,NULL,NULL,Batanes,Uyugan,121.9330,20.3500
null,NULL,NULL,Batangas,Batangas City,121.0500,13.7500
null,NULL,NULL,Batangas,Lipa City,121.1622,13.9411
null,NULL,NULL,Batangas,Tanauan City,121.1500,14.0830
null,NULL,NULL,Batangas,Agoncillo,120.9330,13.9330
null,NULL,NULL,Batangas,Alitagtag,121.0000,13.8670
null,NULL,NULL,Batangas,Balayan,120.7330,13.9330
null,NULL,NULL,Batangas,Balete,121.0981,14.0272
null,NULL,NULL,Batangas,Bauan,121.0131,13.8019
null,NULL,NULL,Batangas,Calaca,120.8000,13.9670
null,NULL,NULL,Batangas,Calatagan,120.6330,13.8330
null,NULL,NULL,Batangas,Cuenca,121.0447,13.9167
null,NULL,NULL,Batangas,Ibaan,121.1330,13.8170
null,NULL,NULL,Batangas,Laurel,120.9000,14.0500
null,NULL,NULL,Batangas,Lemery,120.8800,13.9200
null,NULL,NULL,Batangas,Lian,120.6500,14.0330
null,NULL,NULL,Batangas,Lobo,121.2500,13.6500
null,NULL,NULL,Batangas,Mabini,120.9000,13.7170
null,NULL,NULL,Batangas,Malvar,121.1544,14.0406
null,NULL,NULL,Batangas,Mataas na Kahoy,121.0830,13.9670
null,NULL,NULL,Batangas,Nasugbu,120.6330,14.0670
null,NULL,NULL,Batangas,Padre Garcia,121.2170,13.8830
null,NULL,NULL,Batangas,Rosario,121.2000,13.8500
null,NULL,NULL,Batangas,San Jose,121.1050,13.8772
null,NULL,NULL,Batangas,San Juan,121.4000,13.8330
null,NULL,NULL,Batangas,San Luis,120.9330,13.8330
null,NULL,NULL,Batangas,San Nicolas,120.9500,13.9170
null,NULL,NULL,Batangas,San Pascual,121.0419,13.8075
null,NULL,NULL,Batangas,Sta. Teresita,120.9670,13.8830
null,NULL,NULL,Batangas,Sto. Tomas,121.1419,14.1092
null,NULL,NULL,Batangas,Taal,120.9292,13.8942
null,NULL,NULL,Batangas,Talisay,121.0170,14.1000
null,NULL,NULL,Batangas,Taysan,121.2231,13.7419
null,NULL,NULL,Batangas,Tingloy,120.8670,13.6500
null,NULL,NULL,Batangas,Tuy,120.7330,14.0170
null,NULL,NULL,Benguet,Baguio City,120.6000,16.4200
null,NULL,NULL,Benguet,Atok,120.7000,16.5833
null,NULL,NULL,Benguet,Bakun,120.6653,16.7922
null,NULL,NULL,Benguet,Bokod,120.8330,16.5000
null,NULL,NULL,Benguet,Buguias,120.8281,16.7231
null,NULL,NULL,Benguet,Itogon,120.6830,16.3670
null,NULL,NULL,Benguet,Kabayan,120.8500,16.6170
null,NULL,NULL,Benguet,Kapangan,120.6000,16.5830
null,NULL,NULL,Benguet,Kibungan,120.6670,16.7000
null,NULL,NULL,Benguet,La Trinidad,120.5670,16.4500
null,NULL,NULL,Benguet,Mankayan,120.7830,16.8670
null,NULL,NULL,Benguet,Sablan,120.5170,16.5170
null,NULL,NULL,Benguet,Tuba,120.5500,16.3170
null,NULL,NULL,Benguet,Tublay,120.6170,16.5170
null,NULL,NULL,Biliran,Almeria,124.3830,11.6170
null,NULL,NULL,Biliran,Biliran,124.4830,11.4670
null,NULL,NULL,Biliran,Cabucgayan,124.5670,11.4830
null,NULL,NULL,Biliran,Caibiran,124.5830,11.5670
null,NULL,NULL,Biliran,Culaba,124.5330,11.6500
null,NULL,NULL,Biliran,Kawayan,124.3670,11.6830
null,NULL,NULL,Biliran,Maripipi,124.3330,11.7830
null,NULL,NULL,Biliran,Naval,124.4500,11.5830
null,NULL,NULL,Bohol,Tagbilaran City,123.8500,9.6500
null,NULL,NULL,Bohol,Alburquerque,123.9500,9.6000
null,NULL,NULL,Bohol,Alicia,124.4500,9.9000
null,NULL,NULL,Bohol,Anda,124.5700,9.7500
null,NULL,NULL,Bohol,Antequera,123.9000,9.7800
null,NULL,NULL,Bohol,Baclayon,123.9000,9.6300
null,NULL,NULL,Bohol,Balilihan,123.9700,9.7500
null,NULL,NULL,Bohol,Batuan,124.1300,9.8000
null,NULL,NULL,Bohol,Bien Unido,124.3800,10.1300
null,NULL,NULL,Bohol,Bilar,124.1000,9.7000
null,NULL,NULL,Bohol,Buenavista,124.1200,10.0800
null,NULL,NULL,Bohol,Calape,123.8800,9.8800
null,NULL,NULL,Bohol,Candijay,124.5000,9.8200
null,NULL,NULL,Bohol,Carmen,124.2000,9.8200
null,NULL,NULL,Bohol,Catigbian,124.0300,9.8300
null,NULL,NULL,Bohol,Clarin,124.0200,9.9700
null,NULL,NULL,Bohol,Corella,123.9200,9.6800
null,NULL,NULL,Bohol,Cortes,123.8800,9.7200
null,NULL,NULL,Bohol,Dagohoy,124.2800,9.9200
null,NULL,NULL,Bohol,Danao,124.2700,10.0200
null,NULL,NULL,Bohol,Dauis,123.8500,9.6200
null,NULL,NULL,Bohol,Dimiao,124.1700,9.6200
null,NULL,NULL,Bohol,Duero,124.4000,9.7200
null,NULL,NULL,Bohol,Garcia Hernandez,124.3000,9.6200
null,NULL,NULL,Bohol,Getafe,124.1500,10.1500
null,NULL,NULL,Bohol,Guindulman,124.4800,9.7700
null,NULL,NULL,Bohol,Inabanga,124.0700,10.0300
null,NULL,NULL,Bohol,Jagna,124.3700,9.6500
null,NULL,NULL,Bohol,Lila,124.1000,9.6000
null,NULL,NULL,Bohol,Loay,124.0200,9.6000
null,NULL,NULL,Bohol,Loboc,124.0300,9.6300
null,NULL,NULL,Bohol,Loon,123.8000,9.8000
null,NULL,NULL,Bohol,Mabini,124.5200,9.8700
null,NULL,NULL,Bohol,Maribojoc,123.8300,9.7500
null,NULL,NULL,Bohol,Panglao,123.7500,9.5800
null,NULL,NULL,Bohol,Pilar,124.3300,9.8300
null,NULL,NULL,Bohol,President Carlos P. Garcia,124.5500,10.1200
null,NULL,NULL,Bohol,Sagbayan,124.1000,9.9200
null,NULL,NULL,Bohol,San Isidro,124.3000,9.8000
null,NULL,NULL,Bohol,San Miguel,124.3200,10.0000
null,NULL,NULL,Bohol,Sevilla,124.0500,9.7000
null,NULL,NULL,Bohol,Sierra Bullones,124.2800,9.8200
null,NULL,NULL,Bohol,Sikatuna,123.9700,9.6800
null,NULL,NULL,Bohol,Talibon,124.2800,10.1200
null,NULL,NULL,Bohol,Trinidad,124.3500,10.0500
null,NULL,NULL,Bohol,Tubigon,123.9700,9.9500
null,NULL,NULL,Bohol,Ubay,124.4700,10.0500
null,NULL,NULL,Bohol,Valencia,124.2000,9.6200
null,NULL,NULL,Bukidnon,Malaybalay City,125.1330,8.1500
null,NULL,NULL,Bukidnon,Valencia City,125.0830,7.9000
null,NULL,NULL,Bukidnon,Baungon,124.7170,8.2500
null,NULL,NULL,Bukidnon,Cabanglasan,125.3170,8.0670
null,NULL,NULL,Bukidnon,Damulog,124.9330,7.4830
null,NULL,NULL,Bukidnon,Dangcagan,125.0000,7.6170
null,NULL,NULL,Bukidnon,Don Carlos,125.0000,7.6830
null,NULL,NULL,Bukidnon,Impasug-ong,125.0000,8.3000
null,NULL,NULL,Bukidnon,Kadingilan,124.9170,7.6000
null,NULL,NULL,Bukidnon,Kalilangan,124.7500,7.7500
null,NULL,NULL,Bukidnon,Kibawe,124.9830,7.5670
null,NULL,NULL,Bukidnon,Kitaotao,125.0170,7.6330
null,NULL,NULL,Bukidnon,Lantapan,124.9830,8.0500
null,NULL,NULL,Bukidnon,Libona,124.7330,8.3330
null,NULL,NULL,Bukidnon,Malitbog,124.8830,8.5330
null,NULL,NULL,Bukidnon,Manolo Fortich,124.8670,8.3670
null,NULL,NULL,Bukidnon,Maramag,125.0000,7.7670
null,NULL,NULL,Bukidnon,Pangantucan,124.8330,7.8330
null,NULL,NULL,Bukidnon,Quezon,125.1000,7.7330
null,NULL,NULL,Bukidnon,San Fernando,125.3330,7.9170
null,NULL,NULL,Bukidnon,Sumilao,124.9500,8.2830
null,NULL,NULL,Bukidnon,Talakag,124.6000,8.2330
null,NULL,NULL,Bulacan,Malolos City,120.8114,14.8433
null,NULL,NULL,Bulacan,Meycauayan City,120.9500,14.7330
null,NULL,NULL,Bulacan,San Jose del Monte City,121.0453,14.8139
null,NULL,NULL,Bulacan,Angat,121.0330,14.9330
null,NULL,NULL,Bulacan,Balagtas,120.8670,14.8170
null,NULL,NULL,Bulacan,Baliuag,120.8830,14.9500
null,NULL,NULL,Bulacan,Bocaue,120.9330,14.8000
null,NULL,NULL,Bulacan,Bulacan,120.8789,14.7931
null,NULL,NULL,Bulacan,Bustos,120.9170,14.9500
null,NULL,NULL,Bulacan,Calumpit,120.7670,14.9170
null,NULL,NULL,Bulacan,Dona Remedios Trinidad,121.0830,15.0000
null,NULL,NULL,Bulacan,Guiguinto,120.8830,14.8330
null,NULL,NULL,Bulacan,Hagonoy,120.7330,14.8330
null,NULL,NULL,Bulacan,Marilao,120.9481,14.7581
null,NULL,NULL,Bulacan,Norzagaray,121.0500,14.9170
null,NULL,NULL,Bulacan,Obando,120.9170,14.7000
null,NULL,NULL,Bulacan,Pandi,120.9500,14.8670
null,NULL,NULL,Bulacan,Paombong,120.7892,14.8311
null,NULL,NULL,Bulacan,Plaridel,120.8500,14.8830
null,NULL,NULL,Bulacan,Pulilan,120.8500,14.9000
null,NULL,NULL,Bulacan,San Ildefonso,120.9419,15.0789
null,NULL,NULL,Bulacan,San Miguel,120.9783,15.1458
null,NULL,NULL,Bulacan,San Rafael,120.9670,14.9500
null,NULL,NULL,Bulacan,Sta. Maria,120.9500,14.8170
null,NULL,NULL,Cagayan,Tuguegarao City,121.7170,17.6170
null,NULL,NULL,Cagayan,Abulug,121.4500,18.4500
null,NULL,NULL,Cagayan,Alcala,121.6500,17.9000
null,NULL,NULL,Cagayan,Allacapan,121.5830,18.2500
null,NULL,NULL,Cagayan,Amulung,121.7330,17.8330
null,NULL,NULL,Cagayan,Aparri,121.6670,18.3330
null,NULL,NULL,Cagayan,Baggao,121.9670,17.9170
null,NULL,NULL,Cagayan,Ballesteros,121.5170,18.4000
null,NULL,NULL,Cagayan,Buguey,121.8330,18.2830
null,NULL,NULL,Cagayan,Calayan,121.4830,19.2670
null,NULL,NULL,Cagayan,Camalaniugan,121.6736,18.2744
null,NULL,NULL,Cagayan,Claveria,121.0850,18.6075
null,NULL,NULL,Cagayan,Enrile,121.7000,17.5500
null,NULL,NULL,Cagayan,Gattaran,121.6500,18.0670
null,NULL,NULL,Cagayan,Gonzaga,122.0000,18.2670
null,NULL,NULL,Cagayan,Iguig,121.7330,17.7500
null,NULL,NULL,Cagayan,Lal-lo,121.6670,18.2000
null,NULL,NULL,Cagayan,Lasam,121.6000,18.0670
null,NULL,NULL,Cagayan,Pamplona,121.3417,18.4500
null,NULL,NULL,Cagayan,Penablanca,121.7830,17.6330
null,NULL,NULL,Cagayan,Piat,121.4761,17.7911
null,NULL,NULL,Cagayan,Rizal,121.3500,17.8500
null,NULL,NULL,Cagayan,Sanchez-Mira,121.2330,18.5670
null,NULL,NULL,Cagayan,Sta. Ana,122.1500,18.4670
null,NULL,NULL,Cagayan,Sta. Praxedes,121.0000,18.5670
null,NULL,NULL,Cagayan,Sta. Teresita,121.8830,18.2500
null,NULL,NULL,Cagayan,Sto. Nino,121.5670,17.8830
null,NULL,NULL,Cagayan,Solana,121.6889,17.6550
null,NULL,NULL,Cagayan,Tuao,121.4500,17.7330
null,NULL,NULL,Camarines Norte,Basud,122.9670,14.0670
null,NULL,NULL,Camarines Norte,Capalonga,122.5000,14.3330
null,NULL,NULL,Camarines Norte,Daet,122.9500,14.1170
null,NULL,NULL,Camarines Norte,Jose Panganiban,122.7000,14.3000
null,NULL,NULL,Camarines Norte,Labo,122.3500,14.0170
null,NULL,NULL,Camarines Norte,Mercedes,123.0170,14.1000
null,NULL,NULL,Camarines Norte,Paracale,122.7830,14.2830
null,NULL,NULL,Camarines Norte,San Lorenzo Ruiz,122.8670,14.1170
null,NULL,NULL,Camarines Norte,San Vicente,122.8670,14.1000
null,NULL,NULL,Camarines Norte,Sta. Elena,122.3830,14.2000
null,NULL,NULL,Camarines Norte,Talisay,122.9170,14.1330
null,NULL,NULL,Camarines Norte,Vinzons,122.9000,14.1830
null,NULL,NULL,Camarines Sur,Iriga City,123.4170,13.4170
null,NULL,NULL,Camarines Sur,Naga City,123.1700,13.6200
null,NULL,NULL,Camarines Sur,Baao,123.3639,13.4561
null,NULL,NULL,Camarines Sur,Balatan,123.2330,13.3170
null,NULL,NULL,Camarines Sur,Bato,123.3639,13.3561
null,NULL,NULL,Camarines Sur,Bombon,123.2000,13.6830
null,NULL,NULL,Camarines Sur,Buhi,123.5170,13.4330
null,NULL,NULL,Camarines Sur,Bula,123.2830,13.4670
null,NULL,NULL,Camarines Sur,Cabusao,123.1000,13.7170
null,NULL,NULL,Camarines Sur,Calabanga,123.2330,13.7170
null,NULL,NULL,Camarines Sur,Camaligan,123.1569,13.6250
null,NULL,NULL,Camarines Sur,Canaman,123.1670,13.6500
null,NULL,NULL,Camarines Sur,Caramoan,123.8670,13.7670
null,NULL,NULL,Camarines Sur,Del Gallego,122.6000,13.9170
null,NULL,NULL,Camarines Sur,Gainza,123.1500,13.6170
null,NULL,NULL,Camarines Sur,Garchitorena,123.7000,13.8830
null,NULL,NULL,Camarines Sur,Goa,123.5000,13.7000
null,NULL,NULL,Camarines Sur,Lagonoy,123.5206,13.7386
null,NULL,NULL,Camarines Sur,Libmanan,123.0670,13.7000
null,NULL,NULL,Camarines Sur,Lupi,122.9000,13.8170
null,NULL,NULL,Camarines Sur,Magarao,123.1830,13.6670
null,NULL,NULL,Camarines Sur,Milaor,123.1830,13.6000
null,NULL,NULL,Camarines Sur,Minalabac,123.1830,13.5670
null,NULL,NULL,Camarines Sur,Nabua,123.3764,13.4014
null,NULL,NULL,Camarines Sur,Ocampo,123.3830,13.5670
null,NULL,NULL,Camarines Sur,Pamplona,123.0830,13.6000
null,NULL,NULL,Camarines Sur,Pasacao,123.0500,13.5170
null,NULL,NULL,Camarines Sur,Pili,123.3000,13.5830
null,NULL,NULL,Camarines Sur,Presentacion,123.7500,13.7170
null,NULL,NULL,Camarines Sur,Ragay,122.7830,13.8170
null,NULL,NULL,Camarines Sur,Sagnay,123.5200,13.6042
null,NULL,NULL,Camarines Sur,San Fernando,123.1500,13.5670
null,NULL,NULL,Camarines Sur,San Jose,123.5170,13.7170
null,NULL,NULL,Camarines Sur,Sipocot,122.9830,13.7670
null,NULL,NULL,Camarines Sur,Siruma,123.2500,14.0000
null,NULL,NULL,Camarines Sur,Tigaon,123.5000,13.6330
null,NULL,NULL,Camarines Sur,Tinambac,123.3330,13.8170
null,NULL,NULL,Camiguin,Catarman,124.6830,9.1330
null,NULL,NULL,Camiguin,Guinsiliban,124.7830,9.1000
null,NULL,NULL,Camiguin,Mahinog,124.7830,9.1500
null,NULL,NULL,Camiguin,Mambajao,124.7170,9.2500
null,NULL,NULL,Camiguin,Sagay,124.7170,9.1170
null,NULL,NULL,Capiz,Roxas City,122.7500,11.5830
null,NULL,NULL,Capiz,Cuartero,122.6670,11.3500
null,NULL,NULL,Capiz,Dao,122.6830,11.4000
null,NULL,NULL,Capiz,Dumalag,122.6170,11.3000
null,NULL,NULL,Capiz,Dumarao,122.6830,11.2670
null,NULL,NULL,Capiz,Ivisan,122.6830,11.5170
null,NULL,NULL,Capiz,Jamindan,122.5000,11.4000
null,NULL,NULL,Capiz,Ma-ayon,122.7830,11.3830
null,NULL,NULL,Capiz,Mambusao,122.6000,11.4330
null,NULL,NULL,Capiz,Panay,122.8000,11.5500
null,NULL,NULL,Capiz,Panitan,122.7670,11.4670
null,NULL,NULL,Capiz,Pilar,123.0000,11.4830
null,NULL,NULL,Capiz,Pontevedra,122.8330,11.4830
null,NULL,NULL,Capiz,President Roxas,122.9330,11.4330
null,NULL,NULL,Capiz,Sapi-an,122.6000,11.5000
null,NULL,NULL,Capiz,Sigma,122.6670,11.4170
null,NULL,NULL,Capiz,Tapaz,122.5330,11.2670
null,NULL,NULL,Catanduanes,Bagamanoc,124.2830,13.9330
null,NULL,NULL,Catanduanes,Baras,124.3670,13.6670
null,NULL,NULL,Catanduanes,Bato,124.3000,13.6000
null,NULL,NULL,Catanduanes,Caramoran,124.1330,13.9830
null,NULL,NULL,Catanduanes,Gigmoto,124.3830,13.7830
null,NULL,NULL,Catanduanes,Pandan,124.1670,14.0500
null,NULL,NULL,Catanduanes,Panganiban,124.3000,13.9000
null,NULL,NULL,Catanduanes,San Andres,124.1000,13.6000
null,NULL,NULL,Catanduanes,San Miguel,124.3000,13.6330
null,NULL,NULL,Catanduanes,Viga,124.3000,13.8670
null,NULL,NULL,Catanduanes,Virac,124.2330,13.5830
null,NULL,NULL,Cavite,Cavite City,120.9000,14.4830
null,NULL,NULL,Cavite,Dasmarinas City,120.9361,14.3264
null,NULL,NULL,Cavite,Tagaytay City,120.9330,14.1000
null,NULL,NULL,Cavite,Trece Martires City,120.8500,14.2830
null,NULL,NULL,Cavite,Alfonso,120.8539,14.1408
null,NULL,NULL,Cavite,Amadeo,120.9170,14.1670
null,NULL,NULL,Cavite,Bacoor,120.9500,14.4500
null,NULL,NULL,Cavite,Carmona,121.0500,14.3170
null,NULL,NULL,Cavite,General Mariano Alvarez,121.0000,14.3000
null,NULL,NULL,Cavite,General Emilio Aguinaldo,120.8000,14.1830
null,NULL,NULL,Cavite,General Trias,120.8830,14.3830
null,NULL,NULL,Cavite,Imus,120.9330,14.4000
null,NULL,NULL,Cavite,Indang,120.8769,14.1953
null,NULL,NULL,Cavite,Kawit,120.9000,14.4330
null,NULL,NULL,Cavite,Magallanes,120.7575,14.1883
null,NULL,NULL,Cavite,Maragondon,120.7383,14.2733
null,NULL,NULL,Cavite,Mendez,120.9058,14.1286
null,NULL,NULL,Cavite,Naic,120.7670,14.3170
null,NULL,NULL,Cavite,Noveleta,120.8830,14.4330
null,NULL,NULL,Cavite,Rosario,120.8500,14.4170
null,NULL,NULL,Cavite,Silang,120.9830,14.2330
null,NULL,NULL,Cavite,Tanza,120.8330,14.4000
null,NULL,NULL,Cavite,Ternate,120.7170,14.2830
null,NULL,NULL,Cebu,Bogo City,124.0000,11.0300
null,NULL,NULL,Cebu,Cebu City,123.7500,10.3200
null,NULL,NULL,Cebu,Carcar City,123.6300,10.1000
null,NULL,NULL,Cebu,Danao City,124.0300,10.5200
null,NULL,NULL,Cebu,Lapu-Lapu City,124.0152,10.3108
null,NULL,NULL,Cebu,Mandaue City,123.9300,10.3300
null,NULL,NULL,Cebu,Naga City,123.7500,10.2200
null,NULL,NULL,Cebu,Talisay City,123.8300,10.2500
null,NULL,NULL,Cebu,Toledo City,123.6500,10.3800
null,NULL,NULL,Cebu,Alcantara,123.4000,9.9800
null,NULL,NULL,Cebu,Alcoy,123.5000,9.6800
null,NULL,NULL,Cebu,Alegria,123.3800,9.7700
null,NULL,NULL,Cebu,Aloguinsan,123.5500,10.2200
null,NULL,NULL,Cebu,Argao,123.6000,9.8800
null,NULL,NULL,Cebu,Asturias,123.7200,10.5700
null,NULL,NULL,Cebu,Badian,123.4000,9.8700
null,NULL,NULL,Cebu,Balamban,123.7200,10.5000
null,NULL,NULL,Cebu,Bantayan,123.7200,11.1700
null,NULL,NULL,Cebu,Barili,123.5200,10.1200
null,NULL,NULL,Cebu,Boljoon,123.4800,9.6300
null,NULL,NULL,Cebu,Borbon,124.0300,10.8300
null,NULL,NULL,Cebu,Carmen,124.0200,10.5800
null,NULL,NULL,Cebu,Catmon,124.0000,10.7200
null,NULL,NULL,Cebu,Compostela,124.0000,10.4500
null,NULL,NULL,Cebu,Consolacion,123.9500,10.5000
null,NULL,NULL,Cebu,Cordoba,123.9500,10.2500
null,NULL,NULL,Cebu,Daanbantayan,124.0000,11.2500
null,NULL,NULL,Cebu,Dalaguete,123.5300,9.7700
null,NULL,NULL,Cebu,Dumanjug,123.4300,10.0500
null,NULL,NULL,Cebu,Ginatilan,123.3500,9.6000
null,NULL,NULL,Cebu,Liloan,123.9800,10.4000
null,NULL,NULL,Cebu,Madridejos,123.7300,11.2700
null,NULL,NULL,Cebu,Malabuyoc,123.3300,9.6500
null,NULL,NULL,Cebu,Medellin,123.9700,11.1300
null,NULL,NULL,Cebu,Minglanilla,123.7800,10.2500
null,NULL,NULL,Cebu,Moalboal,123.4000,9.9500
null,NULL,NULL,Cebu,Oslob,123.4000,9.5500
null,NULL,NULL,Cebu,Pilar,124.5500,10.8000
null,NULL,NULL,Cebu,Pinamungahan,123.5800,10.2700
null,NULL,NULL,Cebu,Poro,124.4200,10.6300
null,NULL,NULL,Cebu,Ronda,123.4000,10.0000
null,NULL,NULL,Cebu,Samboan,123.3000,9.5300
null,NULL,NULL,Cebu,San Fernando,123.7000,10.1700
null,NULL,NULL,Cebu,San Francisco,124.3500,10.6500
null,NULL,NULL,Cebu,San Remigio,123.9800,11.0500
null,NULL,NULL,Cebu,Sta. Fe,123.8200,11.1500
null,NULL,NULL,Cebu,Sta.nder,123.3300,9.4500
null,NULL,NULL,Cebu,Sibonga,123.5700,10.0300
null,NULL,NULL,Cebu,Sogod,124.0000,10.7500
null,NULL,NULL,Cebu,Tabogon,124.0300,10.9300
null,NULL,NULL,Cebu,Tabuelan,123.8700,10.8200
null,NULL,NULL,Cebu,Tuburan,123.8300,10.7300
null,NULL,NULL,Cebu,Tudela,124.4700,10.6300
null,NULL,NULL,Compostela Valley,Compostela,126.0830,7.6670
null,NULL,NULL,Compostela Valley,Laak,125.8170,7.8330
null,NULL,NULL,Compostela Valley,Mabini,125.8500,7.3000
null,NULL,NULL,Compostela Valley,Maco,125.8500,7.3670
null,NULL,NULL,Compostela Valley,Maragusan,126.0000,7.5000
null,NULL,NULL,Compostela Valley,Mawab,125.9330,7.5000
null,NULL,NULL,Compostela Valley,Monkayo,126.0500,7.8170
null,NULL,NULL,Compostela Valley,Montevista,125.9830,7.7000
null,NULL,NULL,Compostela Valley,Nabunturan,125.9670,7.6000
null,NULL,NULL,Compostela Valley,New Bataan,126.1330,7.5330
null,NULL,NULL,Compostela Valley,Pantukan,125.9500,7.1500
null,NULL,NULL,Cotabato,Kidapawan City,125.0830,7.0170
null,NULL,NULL,Cotabato,Alamada,124.5670,7.3330
null,NULL,NULL,Cotabato,Aleosan,124.5830,7.1500
null,NULL,NULL,Cotabato,Antipas,125.0500,7.2500
null,NULL,NULL,Cotabato,Arakan,125.1330,7.3500
null,NULL,NULL,Cotabato,Banisilan,124.7000,7.5000
null,NULL,NULL,Cotabato,Carmen,124.7830,7.2000
null,NULL,NULL,Cotabato,Kabacan,124.8170,7.1170
null,NULL,NULL,Cotabato,Libungan,124.5170,7.2500
null,NULL,NULL,Cotabato,Mlang,,
null,NULL,NULL,Cotabato,Magpet,125.1170,7.1000
null,NULL,NULL,Cotabato,Makilala,125.0830,6.9670
null,NULL,NULL,Cotabato,Matalam,124.9000,7.0830
null,NULL,NULL,Cotabato,Midsayap,124.5330,7.1917
null,NULL,NULL,Cotabato,Pigkawayan,124.4330,7.2830
null,NULL,NULL,Cotabato,Pikit,124.6670,7.0500
null,NULL,NULL,Cotabato,President Roxas,125.0500,7.1500
null,NULL,NULL,Cotabato,Tulunan,124.8830,6.8330
null,NULL,NULL,Davao del Norte,Panabo City,125.6833,7.3083
null,NULL,NULL,Davao del Norte,Island Garden City of Samal,,
null,NULL,NULL,Davao del Norte,Tagum City,125.8000,7.4500
null,NULL,NULL,Davao del Norte,Asuncion,125.7670,7.5830
null,NULL,NULL,Davao del Norte,Braulio E. Dujali,125.6830,7.4500
null,NULL,NULL,Davao del Norte,Carmen,125.7064,7.3606
null,NULL,NULL,Davao del Norte,Kapalong,125.5000,7.7500
null,NULL,NULL,Davao del Norte,New Corella,125.8330,7.5830
null,NULL,NULL,Davao del Norte,San Isidro,125.7330,7.7500
null,NULL,NULL,Davao del Norte,Sto. Tomas,125.6170,7.5330
null,NULL,NULL,Davao del Norte,Talaingod,125.6170,7.6170
null,NULL,NULL,Davao del Sur,Davao City,,
null,NULL,NULL,Davao del Sur,Digos City,125.3500,6.7500
null,NULL,NULL,Davao del Sur,Bansalan,125.2170,6.7830
null,NULL,NULL,Davao del Sur,Don Marcelino,125.6670,6.2670
null,NULL,NULL,Davao del Sur,Hagonoy,125.3000,6.6830
null,NULL,NULL,Davao del Sur,Jose Abad Santos,125.6500,5.9170
null,NULL,NULL,Davao del Sur,Kiblawan,125.2170,6.6170
null,NULL,NULL,Davao del Sur,Magsaysay,125.1830,6.7670
null,NULL,NULL,Davao del Sur,Malalag,125.4000,6.6000
null,NULL,NULL,Davao del Sur,Malita,125.6000,6.4000
null,NULL,NULL,Davao del Sur,Matanao,125.2330,6.7500
null,NULL,NULL,Davao del Sur,Padada,125.3500,6.6330
null,NULL,NULL,Davao del Sur,Sta. Cruz,125.4170,6.8330
null,NULL,NULL,Davao del Sur,Sta. Maria,125.4670,6.5500
null,NULL,NULL,Davao del Sur,Sarangani,125.4670,5.4000
null,NULL,NULL,Davao del Sur,Sulop,125.3500,6.6000
null,NULL,NULL,Davao Oriental,Mati City,126.2330,6.9500
null,NULL,NULL,Davao Oriental,Baganga,126.5670,7.5670
null,NULL,NULL,Davao Oriental,Banaybanay,126.0670,7.1000
null,NULL,NULL,Davao Oriental,Boston,126.3670,7.8670
null,NULL,NULL,Davao Oriental,Caraga,126.5670,7.3330
null,NULL,NULL,Davao Oriental,Cateel,126.4500,7.7830
null,NULL,NULL,Davao Oriental,Governor Generoso,126.0670,6.6500
null,NULL,NULL,Davao Oriental,Lupon,126.0000,6.9000
null,NULL,NULL,Davao Oriental,Manay,126.5330,7.2170
null,NULL,NULL,Davao Oriental,San Isidro,126.0830,6.8330
null,NULL,NULL,Davao Oriental,Tarragona,126.4500,7.0500
null,NULL,NULL,Eastern Samar,Arteche,125.3670,12.2670
null,NULL,NULL,Eastern Samar,Balangiga,125.3830,11.1170
null,NULL,NULL,Eastern Samar,Balangkayan,125.5000,11.4670
null,NULL,NULL,Eastern Samar,Borongan,125.4300,11.6000
null,NULL,NULL,Eastern Samar,Can-avid,125.4500,12.0000
null,NULL,NULL,Eastern Samar,Dolores,125.4830,12.0500
null,NULL,NULL,Eastern Samar,General MacArthur,125.5330,11.2500
null,NULL,NULL,Eastern Samar,Giporlos,125.4500,11.1170
null,NULL,NULL,Eastern Samar,Guiuan,125.7330,11.0330
null,NULL,NULL,Eastern Samar,Hernani,125.5830,11.3330
null,NULL,NULL,Eastern Samar,Jipapad,125.2330,12.2830
null,NULL,NULL,Eastern Samar,Lawaan,125.3000,11.1500
null,NULL,NULL,Eastern Samar,Llorente,125.5330,11.4170
null,NULL,NULL,Eastern Samar,Maslog,125.1670,12.1000
null,NULL,NULL,Eastern Samar,Maydolong,125.5000,11.5000
null,NULL,NULL,Eastern Samar,Mercedes,125.7170,11.1000
null,NULL,NULL,Eastern Samar,Oras,125.4330,12.1330
null,NULL,NULL,Eastern Samar,Quinapondan,125.5170,11.1500
null,NULL,NULL,Eastern Samar,Salcedo,125.6670,11.1500
null,NULL,NULL,Eastern Samar,San Julian,125.4500,11.7500
null,NULL,NULL,Eastern Samar,San Policarpo,125.5000,12.1830
null,NULL,NULL,Eastern Samar,Sulat,125.4500,11.8170
null,NULL,NULL,Eastern Samar,Taft,125.4170,11.9000
null,NULL,NULL,Guimaras,Buenavista,122.6300,10.7000
null,NULL,NULL,Guimaras,Jordan,122.6000,10.6000
null,NULL,NULL,Guimaras,Nueva Valencia,122.5330,10.5170
null,NULL,NULL,Guimaras,San Lorenzo,122.7170,10.6500
null,NULL,NULL,Guimaras,Sibunag,122.6670,10.5000
null,NULL,NULL,Ifugao,Aguinaldo,121.3170,16.7830
null,NULL,NULL,Ifugao,Alfonso Lista,121.5170,16.9000
null,NULL,NULL,Ifugao,Asipulo,121.0500,16.6000
null,NULL,NULL,Ifugao,Banaue,121.0589,16.9189
null,NULL,NULL,Ifugao,Hingyon,121.1170,16.8330
null,NULL,NULL,Ifugao,Hungduan,121.0000,16.8330
null,NULL,NULL,Ifugao,Kiangan,121.0830,16.7830
null,NULL,NULL,Ifugao,Lagawe,121.1000,16.8170
null,NULL,NULL,Ifugao,Lamut,121.2250,16.6500
null,NULL,NULL,Ifugao,Mayoyao,121.2170,16.9670
null,NULL,NULL,Ifugao,Tinoc,120.9000,16.7000
null,NULL,NULL,Ilocos Norte,Batac City,120.5670,18.0500
null,NULL,NULL,Ilocos Norte,Laoag City,120.5830,18.1830
null,NULL,NULL,Ilocos Norte,Adams,120.9000,18.4670
null,NULL,NULL,Ilocos Norte,Bacarra,120.6170,18.2500
null,NULL,NULL,Ilocos Norte,Badoc,120.4670,17.9330
null,NULL,NULL,Ilocos Norte,Bangui,120.7670,18.5330
null,NULL,NULL,Ilocos Norte,Banna,120.6500,17.9830
null,NULL,NULL,Ilocos Norte,Burgos,120.6461,18.5161
null,NULL,NULL,Ilocos Norte,Carasi,120.8670,18.2000
null,NULL,NULL,Ilocos Norte,Currimao,120.4830,18.0170
null,NULL,NULL,Ilocos Norte,Dingras,120.7000,18.1170
null,NULL,NULL,Ilocos Norte,Dumalneg,120.8170,18.5000
null,NULL,NULL,Ilocos Norte,Marcos,120.6830,18.0500
null,NULL,NULL,Ilocos Norte,Nueva Era,120.6670,17.9170
null,NULL,NULL,Ilocos Norte,Pagudpud,120.8000,18.5670
null,NULL,NULL,Ilocos Norte,Paoay,120.5170,18.0500
null,NULL,NULL,Ilocos Norte,Pasuquin,120.6170,18.3330
null,NULL,NULL,Ilocos Norte,Piddig,120.7330,18.1670
null,NULL,NULL,Ilocos Norte,Pinili,120.5269,17.9539
null,NULL,NULL,Ilocos Norte,San Nicolas,120.5958,18.1725
null,NULL,NULL,Ilocos Norte,Sarrat,120.6500,18.1670
null,NULL,NULL,Ilocos Norte,Solsona,120.7670,18.1000
null,NULL,NULL,Ilocos Norte,Vintar,120.6419,18.2300
null,NULL,NULL,Ilocos Sur,Candon City,120.4500,17.2000
null,NULL,NULL,Ilocos Sur,Vigan City,120.3800,17.5700
null,NULL,NULL,Ilocos Sur,Alilem,120.5330,16.8830
null,NULL,NULL,Ilocos Sur,Banayoyo,120.4830,17.2330
null,NULL,NULL,Ilocos Sur,Bantay,120.3830,17.5830
null,NULL,NULL,Ilocos Sur,Burgos,120.5000,17.3330
null,NULL,NULL,Ilocos Sur,Cabugao,120.4500,17.8000
null,NULL,NULL,Ilocos Sur,Caoayan,120.4000,17.5330
null,NULL,NULL,Ilocos Sur,Cervantes,120.7333,16.9917
null,NULL,NULL,Ilocos Sur,Galimuyod,120.4670,17.1830
null,NULL,NULL,Ilocos Sur,Gregorio Del Pilar,120.6170,17.1330
null,NULL,NULL,Ilocos Sur,Lidlidda,120.5170,17.2670
null,NULL,NULL,Ilocos Sur,Magsingal,120.4250,17.6833
null,NULL,NULL,Ilocos Sur,Nagbukel,120.5500,17.4500
null,NULL,NULL,Ilocos Sur,Narvacan,120.4830,17.4170
null,NULL,NULL,Ilocos Sur,Quirino,120.6670,17.1500
null,NULL,NULL,Ilocos Sur,Salcedo,120.5330,17.1500
null,NULL,NULL,Ilocos Sur,San Emilio,120.6170,17.2330
null,NULL,NULL,Ilocos Sur,San Esteban,120.4500,17.3330
null,NULL,NULL,Ilocos Sur,San Ildefonso,120.4000,17.6170
null,NULL,NULL,Ilocos Sur,San Juan,120.4608,17.7292
null,NULL,NULL,Ilocos Sur,San Vicente,120.3469,17.5811
null,NULL,NULL,Ilocos Sur,Santa,120.4372,17.4906
null,NULL,NULL,Ilocos Sur,Sta. Catalina,120.3670,17.6000
null,NULL,NULL,Ilocos Sur,Sta. Cruz,120.4747,17.0200
null,NULL,NULL,Ilocos Sur,Sta. Lucia,120.4500,17.1170
null,NULL,NULL,Ilocos Sur,Sta. Maria,120.4981,17.3586
null,NULL,NULL,Ilocos Sur,Santiago,120.4500,17.3000
null,NULL,NULL,Ilocos Sur,Sto. Domingo,120.4170,17.6330
null,NULL,NULL,Ilocos Sur,Sigay,120.5830,17.0330
null,NULL,NULL,Ilocos Sur,Sinait,120.4581,17.8661
null,NULL,NULL,Ilocos Sur,Sugpon,120.5170,16.8500
null,NULL,NULL,Ilocos Sur,Suyo,120.5269,16.9800
null,NULL,NULL,Ilocos Sur,Tagudin,120.4500,16.9330
null,NULL,NULL,Iloilo,Iloilo City,122.6700,11.0000
null,NULL,NULL,Iloilo,Passi City,122.6330,11.1000
null,NULL,NULL,Iloilo,Ajuy,123.0170,11.1670
null,NULL,NULL,Iloilo,Alimodian,122.4330,10.8170
null,NULL,NULL,Iloilo,Anilao,122.7170,11.0000
null,NULL,NULL,Iloilo,Badiangan,122.5170,11.0000
null,NULL,NULL,Iloilo,Balasan,123.0830,11.4670
null,NULL,NULL,Iloilo,Banate,122.7830,11.0500
null,NULL,NULL,Iloilo,Barotac Nuevo,122.7000,10.9000
null,NULL,NULL,Iloilo,Barotac Viejo,122.8500,11.0500
null,NULL,NULL,Iloilo,Batad,123.1170,11.4170
null,NULL,NULL,Iloilo,Bingawan,122.5670,11.2330
null,NULL,NULL,Iloilo,Cabatuan,122.4830,10.8830
null,NULL,NULL,Iloilo,Calinog,122.5000,11.1330
null,NULL,NULL,Iloilo,Carles,123.1330,11.5670
null,NULL,NULL,Iloilo,Concepcion,123.1000,11.2000
null,NULL,NULL,Iloilo,Dingle,122.6670,11.0500
null,NULL,NULL,Iloilo,Duenas,122.6170,11.0670
null,NULL,NULL,Iloilo,Dumangas,122.7170,10.8330
null,NULL,NULL,Iloilo,Estancia,123.1500,11.4500
null,NULL,NULL,Iloilo,Guimbal,122.3170,10.6670
null,NULL,NULL,Iloilo,Igbaras,122.2670,10.7170
null,NULL,NULL,Iloilo,Janiuay,122.5000,10.9500
null,NULL,NULL,Iloilo,Lambunao,122.4830,11.0500
null,NULL,NULL,Iloilo,Leganes,122.5830,10.7830
null,NULL,NULL,Iloilo,Lemery,122.9330,11.2330
null,NULL,NULL,Iloilo,Leon,122.3830,10.7830
null,NULL,NULL,Iloilo,Maasin,122.4330,10.8830
null,NULL,NULL,Iloilo,Miagao,122.2330,10.6500
null,NULL,NULL,Iloilo,Mina,122.5830,10.9330
null,NULL,NULL,Iloilo,New Lucena,122.6000,10.8830
null,NULL,NULL,Iloilo,Oton,122.4670,10.7000
null,NULL,NULL,Iloilo,Pavia,122.5419,10.7750
null,NULL,NULL,Iloilo,Pototan,122.6330,10.9500
null,NULL,NULL,Iloilo,San Dionisio,123.0830,11.2670
null,NULL,NULL,Iloilo,San Enrique,122.6500,11.0670
null,NULL,NULL,Iloilo,San Joaquin,122.0830,10.6000
null,NULL,NULL,Iloilo,San Miguel,122.4670,10.7830
null,NULL,NULL,Iloilo,San Rafael,122.8330,11.1670
null,NULL,NULL,Iloilo,Sta. Barbara,122.4830,10.8830
null,NULL,NULL,Iloilo,Sara,123.0170,11.2500
null,NULL,NULL,Iloilo,Tigbauan,122.3830,10.7170
null,NULL,NULL,Iloilo,Tubungan,122.3000,10.7830
null,NULL,NULL,Iloilo,Zarraga,122.6000,10.8170
null,NULL,NULL,Isabela,Cauayan City,121.7830,16.7670
null,NULL,NULL,Isabela,Santiago City,-70.6670,-33.4500
null,NULL,NULL,Isabela,Alicia,121.7000,16.7830
null,NULL,NULL,Isabela,Angadanan,121.7500,16.7500
null,NULL,NULL,Isabela,Aurora,121.6369,16.9919
null,NULL,NULL,Isabela,Benito Soliven,121.9500,16.9830
null,NULL,NULL,Isabela,Burgos,121.7000,17.0670
null,NULL,NULL,Isabela,Cabagan,121.7670,17.4330
null,NULL,NULL,Isabela,Cabatuan,121.6692,16.9589
null,NULL,NULL,Isabela,Cordon,121.4500,16.6670
null,NULL,NULL,Isabela,Delfin Albano,121.7830,17.3170
null,NULL,NULL,Isabela,Dinapigue,122.3500,16.6670
null,NULL,NULL,Isabela,Divilacan,122.3000,17.3330
null,NULL,NULL,Isabela,Echague,121.6500,16.7000
null,NULL,NULL,Isabela,Gamu,121.8330,17.0500
null,NULL,NULL,Isabela,Ilagan City,121.8800,17.1300
null,NULL,NULL,Isabela,Jones,121.7069,16.5581
null,NULL,NULL,Isabela,Luna,121.7330,16.9670
null,NULL,NULL,Isabela,Maconacon,122.2330,17.4330
null,NULL,NULL,Isabela,Mallig,121.6170,17.2000
null,NULL,NULL,Isabela,Naguilian,121.8350,17.0267
null,NULL,NULL,Isabela,Palanan,122.4300,17.0589
null,NULL,NULL,Isabela,Quezon,121.6170,17.3170
null,NULL,NULL,Isabela,Quirino,121.7000,17.1330
null,NULL,NULL,Isabela,Ramon,121.5330,16.7830
null,NULL,NULL,Isabela,Reina Mercedes,121.7830,16.9830
null,NULL,NULL,Isabela,Roxas,121.6170,17.1170
null,NULL,NULL,Isabela,San Agustin,121.7500,16.5170
null,NULL,NULL,Isabela,San Guillermo,121.8000,16.7670
null,NULL,NULL,Isabela,San Isidro,121.7670,16.8670
null,NULL,NULL,Isabela,San Manuel,121.6330,17.0170
null,NULL,NULL,Isabela,San Mariano,122.0170,16.9830
null,NULL,NULL,Isabela,San Mateo,121.5830,16.8830
null,NULL,NULL,Isabela,San Pablo,121.9830,17.4670
null,NULL,NULL,Isabela,Sta. Maria,121.7500,17.4670
null,NULL,NULL,Isabela,Sto. Tomas,121.7670,17.4000
null,NULL,NULL,Isabela,Tumauini,121.8000,17.2670
null,NULL,NULL,Kalinga,Tabuk,121.4583,17.4500
null,NULL,NULL,Kalinga,Balbalan,121.1500,17.4500
null,NULL,NULL,Kalinga,Lubuagan,121.1830,17.3500
null,NULL,NULL,Kalinga,Pasil,121.1500,17.3830
null,NULL,NULL,Kalinga,Pinukpuk,121.3670,17.6000
null,NULL,NULL,Kalinga,Rizal,121.6000,17.5000
null,NULL,NULL,Kalinga,Tanudan,121.2330,17.3000
null,NULL,NULL,Kalinga,Tinglayan,121.1670,17.2830
null,NULL,NULL,La Union,San Fernando City,120.3170,16.6170
null,NULL,NULL,La Union,Agoo,120.3686,16.3250
null,NULL,NULL,La Union,Aringay,120.4170,16.3830
null,NULL,NULL,La Union,Bacnotan,120.3500,16.7170
null,NULL,NULL,La Union,Bagulin,120.4394,16.6083
null,NULL,NULL,La Union,Balaoan,120.4000,16.8170
null,NULL,NULL,La Union,Bangar,120.4231,16.8981
null,NULL,NULL,La Union,Bauang,120.3331,16.5308
null,NULL,NULL,La Union,Burgos,120.4670,16.5170
null,NULL,NULL,La Union,Caba,120.3500,16.4330
null,NULL,NULL,La Union,Luna,120.3811,16.8539
null,NULL,NULL,La Union,Naguilian,120.4000,16.5330
null,NULL,NULL,La Union,Pugo,120.4830,16.2830
null,NULL,NULL,La Union,Rosario,120.4881,16.2319
null,NULL,NULL,La Union,San Gabriel,120.4000,16.6750
null,NULL,NULL,La Union,San Juan,120.3411,16.6689
null,NULL,NULL,La Union,Sto. Tomas,120.3939,16.2636
null,NULL,NULL,La Union,Santol,120.4500,16.7670
null,NULL,NULL,La Union,Sudipen,120.4500,16.9000
null,NULL,NULL,La Union,Tubao,120.4170,16.3500
null,NULL,NULL,Laguna,Binan City,121.0800,14.3300
null,NULL,NULL,Laguna,Calamba City,121.1700,14.2200
null,NULL,NULL,Laguna,San Pablo City,121.3200,14.0700
null,NULL,NULL,Laguna,Sta. Rosa City,121.1200,14.3200
null,NULL,NULL,Laguna,Alaminos,121.2481,14.0631
null,NULL,NULL,Laguna,Bay,121.2830,14.1830
null,NULL,NULL,Laguna,Cabuyao,121.1247,14.2783
null,NULL,NULL,Laguna,Calauan,121.3170,14.1500
null,NULL,NULL,Laguna,Cavinti,121.5170,14.2500
null,NULL,NULL,Laguna,Famy,121.4500,14.4330
null,NULL,NULL,Laguna,Kalayaan,121.5670,14.3500
null,NULL,NULL,Laguna,Liliw,121.4330,14.1330
null,NULL,NULL,Laguna,Los Banos,121.2170,14.1670
null,NULL,NULL,Laguna,Luisiana,121.5170,14.1830
null,NULL,NULL,Laguna,Lumban,121.4600,14.2981
null,NULL,NULL,Laguna,Mabitac,121.4267,14.4275
null,NULL,NULL,Laguna,Magdalena,121.4330,14.2000
null,NULL,NULL,Laguna,Majayjay,121.4670,14.1500
null,NULL,NULL,Laguna,Nagcarlan,121.4170,14.1330
null,NULL,NULL,Laguna,Paete,121.4830,14.3670
null,NULL,NULL,Laguna,Pagsanjan,121.4539,14.2731
null,NULL,NULL,Laguna,Pakil,121.4830,14.3830
null,NULL,NULL,Laguna,Pangil,121.4661,14.4031
null,NULL,NULL,Laguna,Pila,121.3670,14.2330
null,NULL,NULL,Laguna,Rizal,121.3944,14.1092
null,NULL,NULL,Laguna,San Pedro,121.0583,14.3583
null,NULL,NULL,Laguna,Sta. Cruz,121.4156,14.2786
null,NULL,NULL,Laguna,Sta. Maria,121.4261,14.4700
null,NULL,NULL,Laguna,Siniloan,121.4500,14.4170
null,NULL,NULL,Laguna,Victoria,121.3281,14.2269
null,NULL,NULL,Lanao del Norte,Iligan City,124.2500,8.2300
null,NULL,NULL,Lanao del Norte,Bacolod,124.0170,8.1830
null,NULL,NULL,Lanao del Norte,Baloi,124.2170,8.1170
null,NULL,NULL,Lanao del Norte,Baroy,123.7830,8.0330
null,NULL,NULL,Lanao del Norte,Kapatagan,123.7670,7.9000
null,NULL,NULL,Lanao del Norte,Kauswagan,124.0830,8.1830
null,NULL,NULL,Lanao del Norte,Kolambugan,123.9000,8.1170
null,NULL,NULL,Lanao del Norte,Lala,123.7500,7.9670
null,NULL,NULL,Lanao del Norte,Linamon,124.1670,8.1830
null,NULL,NULL,Lanao del Norte,Magsaysay,123.9170,8.0330
null,NULL,NULL,Lanao del Norte,Maigo,123.9670,8.1500
null,NULL,NULL,Lanao del Norte,Matungao,124.1670,8.1330
null,NULL,NULL,Lanao del Norte,Munai,124.0670,7.9830
null,NULL,NULL,Lanao del Norte,Nunungan,123.9670,7.8170
null,NULL,NULL,Lanao del Norte,Pantao Ragat,124.1500,8.0500
null,NULL,NULL,Lanao del Norte,Pantar,124.2670,8.0670
null,NULL,NULL,Lanao del Norte,Poona Piagapo,124.0830,8.0830
null,NULL,NULL,Lanao del Norte,Salvador,123.8500,7.9000
null,NULL,NULL,Lanao del Norte,Sapad,123.8330,7.8500
null,NULL,NULL,Lanao del Norte,Sultan Naga Dimaporo,123.7500,7.7830
null,NULL,NULL,Lanao del Norte,Tagoloan,124.2670,8.1330
null,NULL,NULL,Lanao del Norte,Tangcal,124.0000,8.0000
null,NULL,NULL,Lanao del Norte,Tubod,123.8000,8.0500
null,NULL,NULL,Lanao del Sur,Marawi City,124.3000,8.0000
null,NULL,NULL,Lanao del Sur,Bacolod-Kalawi,124.1330,7.8500
null,NULL,NULL,Lanao del Sur,Balabagan,124.1170,7.5330
null,NULL,NULL,Lanao del Sur,Balindong,124.2000,7.9170
null,NULL,NULL,Lanao del Sur,Bayang,124.1919,7.7931
null,NULL,NULL,Lanao del Sur,Binidayan,124.1670,7.8000
null,NULL,NULL,Lanao del Sur,Buadiposo-Buntong,124.3830,7.9670
null,NULL,NULL,Lanao del Sur,Bubong,124.4830,8.0170
null,NULL,NULL,Lanao del Sur,Bumbaran,124.6500,7.8000
null,NULL,NULL,Lanao del Sur,Butig,124.3000,7.7170
null,NULL,NULL,Lanao del Sur,Calanogas,124.1000,7.7500
null,NULL,NULL,Lanao del Sur,Ditsaan-Ramain,124.3500,7.9670
null,NULL,NULL,Lanao del Sur,Ganassi,124.1000,7.8330
null,NULL,NULL,Lanao del Sur,Kapai,124.4000,8.0830
null,NULL,NULL,Lanao del Sur,Kapatagan,124.1330,7.4500
null,NULL,NULL,Lanao del Sur,Lumba-Bayabao,124.3830,7.8830
null,NULL,NULL,Lanao del Sur,Lumbaca-Unayan,124.2500,7.7670
null,NULL,NULL,Lanao del Sur,Lumbatan,124.2500,7.7830
null,NULL,NULL,Lanao del Sur,Lumbayanague,124.2830,7.7830
null,NULL,NULL,Lanao del Sur,Madalum,124.1170,7.8500
null,NULL,NULL,Lanao del Sur,Madamba,124.0670,7.8830
null,NULL,NULL,Lanao del Sur,Maguing,124.4000,7.9000
null,NULL,NULL,Lanao del Sur,Malabang,124.0670,7.5830
null,NULL,NULL,Lanao del Sur,Marantao,124.2330,7.9500
null,NULL,NULL,Lanao del Sur,Marogong,124.1500,7.6670
null,NULL,NULL,Lanao del Sur,Masiu,124.3170,7.8170
null,NULL,NULL,Lanao del Sur,Mulondo,124.3830,7.9330
null,NULL,NULL,Lanao del Sur,Pagayawan,124.1170,7.7330
null,NULL,NULL,Lanao del Sur,Piagapo,124.2000,8.0000
null,NULL,NULL,Lanao del Sur,Poona Bayabao,124.3500,7.8500
null,NULL,NULL,Lanao del Sur,Pualas,124.0670,7.8170
null,NULL,NULL,Lanao del Sur,Saguiaran,124.2670,8.0330
null,NULL,NULL,Lanao del Sur,Sultan Dumalondong,124.2678,7.6778
null,NULL,NULL,Lanao del Sur,Picong,123.9500,7.6830
null,NULL,NULL,Lanao del Sur,Tagoloan II,124.4392,8.1092
null,NULL,NULL,Lanao del Sur,Tamparan,124.3330,7.8830
null,NULL,NULL,Lanao del Sur,Taraka,124.3500,7.9000
null,NULL,NULL,Lanao del Sur,Tubaran,124.1670,7.7170
null,NULL,NULL,Lanao del Sur,Tugaya,124.1670,7.8830
null,NULL,NULL,Lanao del Sur,Wao,124.6830,7.6830
null,NULL,NULL,Leyte,Ormoc City,124.6200,11.0200
null,NULL,NULL,Leyte,Tacloban City,125.0000,11.2400
null,NULL,NULL,Leyte,Abuyog,125.0170,10.7330
null,NULL,NULL,Leyte,Alangalang,124.8500,11.2000
null,NULL,NULL,Leyte,Albuera,124.7000,10.9170
null,NULL,NULL,Leyte,Babatngon,124.8500,11.4170
null,NULL,NULL,Leyte,Barugo,124.7330,11.3170
null,NULL,NULL,Leyte,Bato,124.8000,10.3330
null,NULL,NULL,Leyte,Baybay,124.8000,10.6830
null,NULL,NULL,Leyte,Burauen,124.9000,10.9830
null,NULL,NULL,Leyte,Calubian,124.4170,11.4500
null,NULL,NULL,Leyte,Capoocan,124.6500,11.2830
null,NULL,NULL,Leyte,Carigara,124.6830,11.3000
null,NULL,NULL,Leyte,Dagami,124.9031,11.0611
null,NULL,NULL,Leyte,Dulag,125.0330,10.9500
null,NULL,NULL,Leyte,Hilongos,124.7500,10.3670
null,NULL,NULL,Leyte,Hindang,124.8000,10.4500
null,NULL,NULL,Leyte,Inopacan,124.7500,10.5000
null,NULL,NULL,Leyte,Isabel,124.4330,10.9330
null,NULL,NULL,Leyte,Jaro,124.7830,11.1830
null,NULL,NULL,Leyte,Javier,124.9330,10.8000
null,NULL,NULL,Leyte,Julita,124.9670,10.9670
null,NULL,NULL,Leyte,Kananga,124.5670,11.1830
null,NULL,NULL,Leyte,La Paz,124.9500,10.8830
null,NULL,NULL,Leyte,Leyte,124.4830,11.3670
null,NULL,NULL,Leyte,Liloan,,
null,NULL,NULL,Leyte,MacArthur,124.9500,10.8500
null,NULL,NULL,Leyte,Mahaplag,124.9830,10.5830
null,NULL,NULL,Leyte,Matag-ob,124.4670,11.1170
null,NULL,NULL,Leyte,Matalom,124.8000,10.2830
null,NULL,NULL,Leyte,Mayorga,125.0000,10.9000
null,NULL,NULL,Leyte,Merida,124.5330,10.9170
null,NULL,NULL,Leyte,Palo,124.9908,11.1575
null,NULL,NULL,Leyte,Palompon,124.3830,11.0500
null,NULL,NULL,Leyte,Pastrana,124.8830,11.1330
null,NULL,NULL,Leyte,San Isidro,124.3500,11.4170
null,NULL,NULL,Leyte,San Miguel,124.8330,11.2670
null,NULL,NULL,Leyte,Sta. Fe,124.9170,11.1830
null,NULL,NULL,Leyte,Sogod,,
null,NULL,NULL,Leyte,Tabango,124.3670,11.3170
null,NULL,NULL,Leyte,Tabontabon,124.9700,11.0300
null,NULL,NULL,Leyte,Tanauan,125.0200,11.1200
null,NULL,NULL,Leyte,Tolosa,125.0170,11.0330
null,NULL,NULL,Leyte,Tunga,124.7500,11.2500
null,NULL,NULL,Leyte,Villaba,124.4000,11.2170
null,NULL,NULL,Maguindanao,Cotabato City,124.8500,7.2000
null,NULL,NULL,Maguindanao,Ampatuan,124.4670,6.8670
null,NULL,NULL,Maguindanao,Barira,124.3000,7.4830
null,NULL,NULL,Maguindanao,Buldon,124.3670,7.5170
null,NULL,NULL,Maguindanao,Buluan,124.7500,6.8667
null,NULL,NULL,Maguindanao,Datu Abdullah Sangki,124.4919,6.7517
null,NULL,NULL,Maguindanao,Datu Anggal Midtimbang,124.3333,6.9333
null,NULL,NULL,Maguindanao,Datu Blah T. Sinsuat,123.9683,6.9228
null,NULL,NULL,Maguindanao,Datu Hoffer Ampatuan,124.4500,6.8667
null,NULL,NULL,Maguindanao,Datu Montawal,124.7667,7.1000
null,NULL,NULL,Maguindanao,Datu Odin Sinsuat,124.1839,7.1889
null,NULL,NULL,Maguindanao,Datu Paglas,124.8500,6.7669
null,NULL,NULL,Maguindanao,Datu Piang,124.5000,7.0333
null,NULL,NULL,Maguindanao,Datu Salibo,124.5000,7.0167
null,NULL,NULL,Maguindanao,Datu Saudi-Ampatuan,124.4444,6.9572
null,NULL,NULL,Maguindanao,Datu Unsay,124.4533,6.9208
null,NULL,NULL,Maguindanao,General Salipada K. Pendatun,124.7025,6.7969
null,NULL,NULL,Maguindanao,Guindulungan,124.3481,6.9658
null,NULL,NULL,Maguindanao,Kabuntalan,124.3833,7.1167
null,NULL,NULL,Maguindanao,Mamasapano,124.4811,6.9719
null,NULL,NULL,Maguindanao,Mangudadatu,124.8250,6.6875
null,NULL,NULL,Maguindanao,Matanog,124.2500,7.4670
null,NULL,NULL,Maguindanao,Northern Kabuntalan,124.4667,7.1333
null,NULL,NULL,Maguindanao,Pagalungan,124.7010,7.0570
null,NULL,NULL,Maguindanao,Paglat,124.7833,6.7000
null,NULL,NULL,Maguindanao,Pandag,124.8000,6.7833
null,NULL,NULL,Maguindanao,Parang,124.3167,7.3333
null,NULL,NULL,Maguindanao,Rajah Buayan,124.5508,6.9108
null,NULL,NULL,Maguindanao,Shariff Aguak,124.4417,6.8647
null,NULL,NULL,Maguindanao,Shariff Saydona Mustapha,124.5000,6.9667
null,NULL,NULL,Maguindanao,South Upi,124.1443,6.8548
null,NULL,NULL,Maguindanao,Sultan Kudarat,124.2500,7.2330
null,NULL,NULL,Maguindanao,Sultan Mastura,124.3000,7.2830
null,NULL,NULL,Maguindanao,Sultan sa Barongis,124.6333,6.8000
null,NULL,NULL,Maguindanao,Talayan,124.4167,6.9667
null,NULL,NULL,Maguindanao,Talitay,124.7053,6.9967
null,NULL,NULL,Maguindanao,Upi,124.1650,7.0289
null,NULL,NULL,Marinduque,Boac,121.8330,13.4500
null,NULL,NULL,Marinduque,Buenavista,121.9436,13.2539
null,NULL,NULL,Marinduque,Gasan,121.8500,13.3170
null,NULL,NULL,Marinduque,Mogpog,121.8614,13.4744
null,NULL,NULL,Marinduque,Sta. Cruz,122.0267,13.4767
null,NULL,NULL,Marinduque,Torrijos,122.0830,13.3170
null,NULL,NULL,Masbate,Masbate City,123.5800,12.1700
null,NULL,NULL,Masbate,Aroroy,123.4000,12.5000
null,NULL,NULL,Masbate,Baleno,123.4830,12.4670
null,NULL,NULL,Masbate,Balud,123.2000,12.0330
null,NULL,NULL,Masbate,Batuan,123.7670,12.4170
null,NULL,NULL,Masbate,Cataingan,123.9830,12.0000
null,NULL,NULL,Masbate,Cawayan,123.6830,12.0330
null,NULL,NULL,Masbate,Claveria,123.2500,12.9000
null,NULL,NULL,Masbate,Dimasalang,123.8670,12.1830
null,NULL,NULL,Masbate,Esperanza,124.0500,11.7330
null,NULL,NULL,Masbate,Mandaon,123.2830,12.2330
null,NULL,NULL,Masbate,Milagros,123.5000,12.2330
null,NULL,NULL,Masbate,Mobo,123.6500,12.3330
null,NULL,NULL,Masbate,Monreal,123.6670,12.6330
null,NULL,NULL,Masbate,Palanas,123.9170,12.1500
null,NULL,NULL,Masbate,Pio V. Corpuz,124.0330,11.9000
null,NULL,NULL,Masbate,Placer,123.9170,11.8670
null,NULL,NULL,Masbate,San Fernando,123.7500,12.4830
null,NULL,NULL,Masbate,San Jacinto,123.7330,12.5670
null,NULL,NULL,Masbate,San Pascual,122.9830,13.1330
null,NULL,NULL,Masbate,Uson,123.7830,12.2170
null,NULL,NULL,Metro Manila,Caloocan,120.9700,14.6500
null,NULL,NULL,Metro Manila,Las Pinas,120.9800,14.4500
null,NULL,NULL,Metro Manila,Makati,121.0300,14.5500
null,NULL,NULL,Metro Manila,Malabon,120.9600,14.6600
null,NULL,NULL,Metro Manila,Mandaluyong,121.0300,14.5800
null,NULL,NULL,Metro Manila,Manila,121.0000,14.5800
null,NULL,NULL,Metro Manila,Marikina,121.1000,14.6500
null,NULL,NULL,Metro Manila,Muntinlupa,121.0500,14.3800
null,NULL,NULL,Metro Manila,Navotas,120.9417,14.6667
null,NULL,NULL,Metro Manila,Paranaque,121.0200,14.4700
null,NULL,NULL,Metro Manila,Pasay,121.0000,14.5500
null,NULL,NULL,Metro Manila,Pasig,,
null,NULL,NULL,Metro Manila,Quezon City,121.0300,14.6300
null,NULL,NULL,Metro Manila,San Juan City,121.0300,14.6000
null,NULL,NULL,Metro Manila,Taguig,121.0500,14.5200
null,NULL,NULL,Metro Manila,Valenzuela City,,
null,NULL,NULL,Metro Manila,Pateros,121.0667,14.5417
null,NULL,NULL,Misamis Occidental,Oroquieta City,123.8000,8.4830
null,NULL,NULL,Misamis Occidental,Ozamiz City,123.8500,8.1500
null,NULL,NULL,Misamis Occidental,Tangub City,123.7500,8.0670
null,NULL,NULL,Misamis Occidental,Aloran,123.8170,8.4170
null,NULL,NULL,Misamis Occidental,Baliangao,123.6000,8.6670
null,NULL,NULL,Misamis Occidental,Bonifacio,123.6000,8.1000
null,NULL,NULL,Misamis Occidental,Calamba,123.6417,8.5583
null,NULL,NULL,Misamis Occidental,Clarin,123.8500,8.2000
null,NULL,NULL,Misamis Occidental,Concepcion,123.6000,8.4170
null,NULL,NULL,Misamis Occidental,Don Victoriano Chiongbian,123.5830,8.3000
null,NULL,NULL,Misamis Occidental,Jimenez,123.8330,8.3330
null,NULL,NULL,Misamis Occidental,Lopez Jaena,123.7670,8.5500
null,NULL,NULL,Misamis Occidental,Panaon,123.8330,8.3670
null,NULL,NULL,Misamis Occidental,Plaridel,123.7000,8.6170
null,NULL,NULL,Misamis Occidental,Sapang Dalaga,123.5670,8.5500
null,NULL,NULL,Misamis Occidental,Sinacaban,123.7330,8.2830
null,NULL,NULL,Misamis Occidental,Tudela,123.8330,8.2500
null,NULL,NULL,Misamis Oriental,Cagayan de Oro,124.6500,8.4800
null,NULL,NULL,Misamis Oriental,Gingoog City,125.1000,8.8170
null,NULL,NULL,Misamis Oriental,Alubijid,124.4670,8.5670
null,NULL,NULL,Misamis Oriental,Balingasag,124.7830,8.7500
null,NULL,NULL,Misamis Oriental,Balingoan,124.8500,9.0000
null,NULL,NULL,Misamis Oriental,Binuangan,124.8000,8.9170
null,NULL,NULL,Misamis Oriental,Claveria,124.8830,8.6170
null,NULL,NULL,Misamis Oriental,El Salvador,124.5170,8.5670
null,NULL,NULL,Misamis Oriental,Gitagum,124.4000,8.6000
null,NULL,NULL,Misamis Oriental,Initao,124.3170,8.5000
null,NULL,NULL,Misamis Oriental,Jasaan,124.7500,8.6500
null,NULL,NULL,Misamis Oriental,Kinoguitan,124.8170,8.9830
null,NULL,NULL,Misamis Oriental,Lagonglong,124.7830,8.8000
null,NULL,NULL,Misamis Oriental,Laguindingan,124.4500,8.5830
null,NULL,NULL,Misamis Oriental,Libertad,124.3500,8.5583
null,NULL,NULL,Misamis Oriental,Lugait,124.2670,8.3330
null,NULL,NULL,Misamis Oriental,Magsaysay,125.1830,9.0170
null,NULL,NULL,Misamis Oriental,Manticao,124.2830,8.3830
null,NULL,NULL,Misamis Oriental,Medina,125.0170,8.9170
null,NULL,NULL,Misamis Oriental,Naawan,124.3000,8.4330
null,NULL,NULL,Misamis Oriental,Opol,124.5670,8.5170
null,NULL,NULL,Misamis Oriental,Salay,124.8000,8.8670
null,NULL,NULL,Misamis Oriental,Sugbongcogon,124.7830,8.9500
null,NULL,NULL,Misamis Oriental,Tagoloan,124.7500,8.5330
null,NULL,NULL,Misamis Oriental,Talisayan,124.8833,8.9917
null,NULL,NULL,Misamis Oriental,Villanueva,124.7830,8.5830
null,NULL,NULL,Mountain Province,Barlig,121.1500,17.0830
null,NULL,NULL,Mountain Province,Bauko,120.8670,16.9830
null,NULL,NULL,Mountain Province,Besao,120.8170,17.1000
null,NULL,NULL,Mountain Province,Bontoc,120.9756,17.0872
null,NULL,NULL,Mountain Province,Natonin,121.2830,17.1000
null,NULL,NULL,Mountain Province,Paracelis,121.4670,17.2670
null,NULL,NULL,Mountain Province,Sabangan,120.9170,16.9500
null,NULL,NULL,Mountain Province,Sadanga,121.0330,17.1670
null,NULL,NULL,Mountain Province,Sagada,120.9000,17.0830
null,NULL,NULL,Mountain Province,Tadian,120.8170,17.0000
null,NULL,NULL,Negros Occidental,Bacolod City,122.9500,10.6700
null,NULL,NULL,Negros Occidental,Bago City,122.8330,10.5330
null,NULL,NULL,Negros Occidental,Cadiz City,123.3000,10.9500
null,NULL,NULL,Negros Occidental,Escalante City,123.5000,10.8330
null,NULL,NULL,Negros Occidental,Himamaylan City,122.8670,10.1000
null,NULL,NULL,Negros Occidental,Kabankalan City,122.8170,9.9830
null,NULL,NULL,Negros Occidental,La Carlota City,,
null,NULL,NULL,Negros Occidental,Sagay City,123.4170,10.9000
null,NULL,NULL,Negros Occidental,San Carlos City,123.3800,10.4200
null,NULL,NULL,Negros Occidental,Silay City,122.9670,10.8000
null,NULL,NULL,Negros Occidental,Sipalay City,122.4000,9.7500
null,NULL,NULL,Negros Occidental,Talisay City,122.9670,10.7330
null,NULL,NULL,Negros Occidental,Victorias City,123.0830,10.9000
null,NULL,NULL,Negros Occidental,Binalbagan,122.8670,10.2000
null,NULL,NULL,Negros Occidental,Calatrava,123.4830,10.6000
null,NULL,NULL,Negros Occidental,Candoni,122.6430,9.8310
null,NULL,NULL,Negros Occidental,Cauayan,122.6170,9.9670
null,NULL,NULL,Negros Occidental,Enrique B. Magalona,122.9670,10.8830
null,NULL,NULL,Negros Occidental,Hinigaran,122.8500,10.2670
null,NULL,NULL,Negros Occidental,Hinoba-an,122.4670,9.5830
null,NULL,NULL,Negros Occidental,Ilog,122.7670,10.0330
null,NULL,NULL,Negros Occidental,Isabela,122.9830,10.2000
null,NULL,NULL,Negros Occidental,La Castellana,123.0670,10.3500
null,NULL,NULL,Negros Occidental,Manapla,123.1200,10.9500
null,NULL,NULL,Negros Occidental,Moises Padilla,123.0830,10.2670
null,NULL,NULL,Negros Occidental,Murcia,123.0300,10.6000
null,NULL,NULL,Negros Occidental,Pontevedra,122.8830,10.3670
null,NULL,NULL,Negros Occidental,Pulupandan,122.8000,10.5170
null,NULL,NULL,Negros Occidental,Salvador Benedicto,123.2330,10.5500
null,NULL,NULL,Negros Occidental,San Enrique,122.8500,10.4170
null,NULL,NULL,Negros Occidental,Toboso,123.5170,10.7170
null,NULL,NULL,Negros Occidental,Valladolid,122.8330,10.4670
null,NULL,NULL,Negros Oriental,Bais City,123.1170,9.5830
null,NULL,NULL,Negros Oriental,Bayawan City,122.8000,9.3670
null,NULL,NULL,Negros Oriental,Canlaon City,123.2000,10.3830
null,NULL,NULL,Negros Oriental,Guihulngan City,123.2670,10.1170
null,NULL,NULL,Negros Oriental,Dumaguete City,123.3000,9.3170
null,NULL,NULL,Negros Oriental,Tanjay City,123.1583,9.5170
null,NULL,NULL,Negros Oriental,Amlan,123.2330,9.4500
null,NULL,NULL,Negros Oriental,Ayungon,123.1330,9.8500
null,NULL,NULL,Negros Oriental,Bacong,123.2830,9.2500
null,NULL,NULL,Negros Oriental,Basay,122.6330,9.4170
null,NULL,NULL,Negros Oriental,Bindoy,123.1330,9.7670
null,NULL,NULL,Negros Oriental,Dauin,123.2670,9.2000
null,NULL,NULL,Negros Oriental,Jimalalud,123.2000,9.9830
null,NULL,NULL,Negros Oriental,La Libertad,123.2170,10.0330
null,NULL,NULL,Negros Oriental,Mabinay,122.9170,9.7330
null,NULL,NULL,Negros Oriental,Manjuyod,123.1500,9.6830
null,NULL,NULL,Negros Oriental,Pamplona,123.1170,9.4670
null,NULL,NULL,Negros Oriental,San Jose,123.2330,9.4170
null,NULL,NULL,Negros Oriental,Sta. Catalina,122.8670,9.3330
null,NULL,NULL,Negros Oriental,Siaton,123.0330,9.0670
null,NULL,NULL,Negros Oriental,Sibulan,123.2830,9.3500
null,NULL,NULL,Negros Oriental,Tayasan,123.1500,9.9170
null,NULL,NULL,Negros Oriental,Valencia,123.2500,9.2830
null,NULL,NULL,Negros Oriental,Vallehermoso,123.3170,10.3330
null,NULL,NULL,Negros Oriental,Zamboanguita,123.2000,9.1170
null,NULL,NULL,Northern Samar,Allen,124.2830,12.5000
null,NULL,NULL,Northern Samar,Biri,124.3830,12.6670
null,NULL,NULL,Northern Samar,Bobon,124.5670,12.5170
null,NULL,NULL,Northern Samar,Capul,124.1830,12.4170
null,NULL,NULL,Northern Samar,Catarman,124.6500,12.4500
null,NULL,NULL,Northern Samar,Catubig,125.0500,12.4000
null,NULL,NULL,Northern Samar,Gamay,125.3000,12.3830
null,NULL,NULL,Northern Samar,Laoang,125.0170,12.5670
null,NULL,NULL,Northern Samar,Lapinig,,
null,NULL,NULL,Northern Samar,Las Navas,,
null,NULL,NULL,Northern Samar,Lavezares,124.3330,12.5330
null,NULL,NULL,Northern Samar,Lope de Vega,124.6170,12.3000
null,NULL,NULL,Northern Samar,Mapanas,,
null,NULL,NULL,Northern Samar,Mondragon,124.7500,12.5170
null,NULL,NULL,Northern Samar,Palapag,,
null,NULL,NULL,Northern Samar,Pambujan,124.9330,12.5670
null,NULL,NULL,Northern Samar,Rosario,124.4170,12.5170
null,NULL,NULL,Northern Samar,San Antonio,124.2670,12.4170
null,NULL,NULL,Northern Samar,San Isidro,,
null,NULL,NULL,Northern Samar,San Jose,,
null,NULL,NULL,Northern Samar,San Roque,,
null,NULL,NULL,Northern Samar,San Vicente,124.0500,12.3500
null,NULL,NULL,Northern Samar,Silvino Lobos,124.8330,12.3000
null,NULL,NULL,Northern Samar,Victoria,124.3170,12.4500
null,NULL,NULL,Nueva Ecija,Cabanatuan City,120.9700,15.4800
null,NULL,NULL,Nueva Ecija,Gapan City,120.9670,15.2830
null,NULL,NULL,Nueva Ecija,Science City of Munoz,120.9000,15.7170
null,NULL,NULL,Nueva Ecija,Palayan City,121.0830,15.5330
null,NULL,NULL,Nueva Ecija,San Jose City,121.0000,15.7830
null,NULL,NULL,Nueva Ecija,Aliaga,120.8439,15.5000
null,NULL,NULL,Nueva Ecija,Bongabon,121.1439,15.6311
null,NULL,NULL,Nueva Ecija,Cabiao,120.8500,15.2500
null,NULL,NULL,Nueva Ecija,Carranglan,121.0670,15.9670
null,NULL,NULL,Nueva Ecija,Cuyapo,120.6670,15.7830
null,NULL,NULL,Nueva Ecija,Gabaldon,121.3170,15.5330
null,NULL,NULL,Nueva Ecija,General Mamerto Natividad,121.0500,15.6000
null,NULL,NULL,Nueva Ecija,General Tinio,121.0500,15.3500
null,NULL,NULL,Nueva Ecija,Guimba,120.7689,15.6581
null,NULL,NULL,Nueva Ecija,Jaen,120.9000,15.3330
null,NULL,NULL,Nueva Ecija,Laur,121.1830,15.5830
null,NULL,NULL,Nueva Ecija,Licab,120.7670,15.5500
null,NULL,NULL,Nueva Ecija,Llanera,121.0170,15.6670
null,NULL,NULL,Nueva Ecija,Lupao,120.9000,15.8830
null,NULL,NULL,Nueva Ecija,Nampicuan,120.6330,15.7330
null,NULL,NULL,Nueva Ecija,Pantabangan,121.1500,15.8170
null,NULL,NULL,Nueva Ecija,Penaranda,121.0000,15.3500
null,NULL,NULL,Nueva Ecija,Quezon,120.8170,15.5500
null,NULL,NULL,Nueva Ecija,Rizal,121.1670,15.6830
null,NULL,NULL,Nueva Ecija,San Antonio,120.8000,15.3830
null,NULL,NULL,Nueva Ecija,San Isidro,120.9000,15.2670
null,NULL,NULL,Nueva Ecija,San Leonardo,120.9670,15.3670
null,NULL,NULL,Nueva Ecija,Sta. Rosa,120.9389,15.4239
null,NULL,NULL,Nueva Ecija,Sto. Domingo,120.8670,15.5830
null,NULL,NULL,Nueva Ecija,Talavera,120.9170,15.5830
null,NULL,NULL,Nueva Ecija,Talugtug,120.8111,15.7789
null,NULL,NULL,Nueva Ecija,Zaragoza,120.7911,15.4531
null,NULL,NULL,Nueva Vizcaya,Alfonso Castaneda,121.3000,15.8000
null,NULL,NULL,Nueva Vizcaya,Ambaguio,121.0170,16.5170
null,NULL,NULL,Nueva Vizcaya,Aritao,121.0330,16.3000
null,NULL,NULL,Nueva Vizcaya,Bagabag,121.2670,16.6000
null,NULL,NULL,Nueva Vizcaya,Bambang,121.1170,16.3830
null,NULL,NULL,Nueva Vizcaya,Bayombong,121.1500,16.4830
null,NULL,NULL,Nueva Vizcaya,Diadi,121.3500,16.6330
null,NULL,NULL,Nueva Vizcaya,Dupax del Norte,121.0942,16.2864
null,NULL,NULL,Nueva Vizcaya,Dupax del Sur,121.1000,16.2830
null,NULL,NULL,Nueva Vizcaya,Kasibu,121.2830,16.3170
null,NULL,NULL,Nueva Vizcaya,Kayapa,120.9170,16.4170
null,NULL,NULL,Nueva Vizcaya,Quezon,121.2670,16.5000
null,NULL,NULL,Nueva Vizcaya,Sta. Fe,120.9389,16.1619
null,NULL,NULL,Nueva Vizcaya,Solano,121.1919,16.5239
null,NULL,NULL,Nueva Vizcaya,Villaverde,121.2000,16.5830
null,NULL,NULL,Occidental Mindoro,Abra de Ilog,120.7330,13.4500
null,NULL,NULL,Occidental Mindoro,Calintaan,120.9428,12.5756
null,NULL,NULL,Occidental Mindoro,Looc,120.2506,13.7217
null,NULL,NULL,Occidental Mindoro,Lubang,120.1233,13.8578
null,NULL,NULL,Occidental Mindoro,Magsaysay,121.1500,12.3330
null,NULL,NULL,Occidental Mindoro,Mamburao,120.6000,13.2170
null,NULL,NULL,Occidental Mindoro,Paluan,120.4670,13.4170
null,NULL,NULL,Occidental Mindoro,Rizal,120.9670,12.4670
null,NULL,NULL,Occidental Mindoro,Sablayan,120.7670,12.8170
null,NULL,NULL,Occidental Mindoro,San Jose,121.0670,12.3500
null,NULL,NULL,Occidental Mindoro,Sta. Cruz,120.8500,13.1170
null,NULL,NULL,Oriental Mindoro,Calapan City,121.1830,13.4000
null,NULL,NULL,Oriental Mindoro,Baco,121.1286,13.4125
null,NULL,NULL,Oriental Mindoro,Bansud,121.3670,12.8330
null,NULL,NULL,Oriental Mindoro,Bongabong,121.3670,12.7170
null,NULL,NULL,Oriental Mindoro,Bulalacao,121.3500,12.3330
null,NULL,NULL,Oriental Mindoro,Gloria,121.4670,12.9170
null,NULL,NULL,Oriental Mindoro,Mansalay,121.4330,12.5170
null,NULL,NULL,Oriental Mindoro,Naujan,121.3000,13.3170
null,NULL,NULL,Oriental Mindoro,Pinamalayan,121.4170,13.0000
null,NULL,NULL,Oriental Mindoro,Pola,121.4400,13.1439
null,NULL,NULL,Oriental Mindoro,Puerto Galera,120.9500,13.5000
null,NULL,NULL,Oriental Mindoro,Roxas,121.5000,12.5830
null,NULL,NULL,Oriental Mindoro,San Teodoro,121.0170,13.4330
null,NULL,NULL,Oriental Mindoro,Socorro,121.4000,13.0670
null,NULL,NULL,Oriental Mindoro,Victoria,121.2000,13.3670
null,NULL,NULL,Palawan,Puerto Princesa City,118.7500,9.7500
null,NULL,NULL,Palawan,Aborlan,118.5500,9.4330
null,NULL,NULL,Palawan,Agutaya,120.9500,11.1500
null,NULL,NULL,Palawan,Araceli,119.6000,10.3330
null,NULL,NULL,Palawan,Balabac,117.0500,7.9830
null,NULL,NULL,Palawan,Bataraza,117.6170,8.6670
null,NULL,NULL,Palawan,Brookes Point,,
null,NULL,NULL,Palawan,Busuanga,119.9500,12.1670
null,NULL,NULL,Palawan,Cagayancillo,121.0361,9.4819
null,NULL,NULL,Palawan,Coron,120.2000,12.0000
null,NULL,NULL,Palawan,Culion,119.9933,11.8353
null,NULL,NULL,Palawan,Cuyo,121.0170,10.8500
null,NULL,NULL,Palawan,Dumaran,119.7670,10.5330
null,NULL,NULL,Palawan,El Nido,119.6830,11.3330
null,NULL,NULL,Palawan,Kalayaan,114.2830,11.0500
null,NULL,NULL,Palawan,Linapacan,119.8670,11.5000
null,NULL,NULL,Palawan,Magsaysay,121.0500,10.8670
null,NULL,NULL,Palawan,Narra,118.4170,9.2830
null,NULL,NULL,Palawan,Quezon,118.0330,9.2330
null,NULL,NULL,Palawan,Rizal,117.3500,8.6830
null,NULL,NULL,Palawan,Roxas,119.3330,10.3330
null,NULL,NULL,Palawan,San Vicente,119.2830,10.5330
null,NULL,NULL,Palawan,Sofronio Espanola,118.0330,9.0500
null,NULL,NULL,Palawan,Taytay,119.5170,10.8170
null,NULL,NULL,Pampanga,Angeles City,120.5800,15.1500
null,NULL,NULL,Pampanga,City of San Fernando,120.6830,15.0330
null,NULL,NULL,Pampanga,Apalit,120.7670,14.9500
null,NULL,NULL,Pampanga,Arayat,120.7670,15.1500
null,NULL,NULL,Pampanga,Bacolor,120.6500,15.0000
null,NULL,NULL,Pampanga,Candaba,120.8283,15.0933
null,NULL,NULL,Pampanga,Floridablanca,120.5000,14.9330
null,NULL,NULL,Pampanga,Guagua,120.6330,14.9670
null,NULL,NULL,Pampanga,Lubao,120.6000,14.9330
null,NULL,NULL,Pampanga,Mabalacat,120.5830,15.2170
null,NULL,NULL,Pampanga,Macabebe,120.7156,14.9081
null,NULL,NULL,Pampanga,Magalang,120.6670,15.2170
null,NULL,NULL,Pampanga,Masantol,120.7170,14.9000
null,NULL,NULL,Pampanga,Mexico,120.7170,15.0670
null,NULL,NULL,Pampanga,Minalin,120.6830,14.9670
null,NULL,NULL,Pampanga,Porac,120.5419,15.0719
null,NULL,NULL,Pampanga,San Luis,120.7919,15.0400
null,NULL,NULL,Pampanga,San Simon,120.7769,14.9931
null,NULL,NULL,Pampanga,Sta. Ana,120.7681,15.0939
null,NULL,NULL,Pampanga,Sta. Rita,120.6153,14.9953
null,NULL,NULL,Pampanga,Sto. Tomas,120.7170,14.9670
null,NULL,NULL,Pampanga,Sasmuan,120.6170,14.9330
null,NULL,NULL,Pangasinan,Alaminos City,119.9803,16.1603
null,NULL,NULL,Pangasinan,Dagupan City,120.3300,16.0300
null,NULL,NULL,Pangasinan,San Carlos City,120.3489,15.9281
null,NULL,NULL,Pangasinan,Urdaneta City,120.5711,15.9761
null,NULL,NULL,Pangasinan,Agno,119.8000,16.1170
null,NULL,NULL,Pangasinan,Aguilar,120.2000,15.8330
null,NULL,NULL,Pangasinan,Alcala,120.5242,15.8472
null,NULL,NULL,Pangasinan,Anda,119.9670,16.2830
null,NULL,NULL,Pangasinan,Asingan,120.6670,16.0000
null,NULL,NULL,Pangasinan,Balungao,120.7000,15.9000
null,NULL,NULL,Pangasinan,Bani,119.8500,16.2000
null,NULL,NULL,Pangasinan,Basista,120.4000,15.8500
null,NULL,NULL,Pangasinan,Bautista,120.5000,15.7830
null,NULL,NULL,Pangasinan,Bayambang,120.4547,15.8106
null,NULL,NULL,Pangasinan,Binalonan,120.6000,16.0500
null,NULL,NULL,Pangasinan,Binmaley,120.2670,16.0330
null,NULL,NULL,Pangasinan,Bolinao,119.8830,16.3330
null,NULL,NULL,Pangasinan,Bugallon,120.1830,15.9170
null,NULL,NULL,Pangasinan,Burgos,119.8567,16.0464
null,NULL,NULL,Pangasinan,Calasiao,120.3670,16.0170
null,NULL,NULL,Pangasinan,Dasol,119.8806,15.9897
null,NULL,NULL,Pangasinan,Infanta,119.9000,15.8170
null,NULL,NULL,Pangasinan,Labrador,120.1170,16.0000
null,NULL,NULL,Pangasinan,Laoac,120.5500,16.0330
null,NULL,NULL,Pangasinan,Lingayen,120.2308,16.0200
null,NULL,NULL,Pangasinan,Mabini,119.9400,16.0697
null,NULL,NULL,Pangasinan,Malasiqui,120.4170,15.9170
null,NULL,NULL,Pangasinan,Manaoag,120.4856,16.0439
null,NULL,NULL,Pangasinan,Mangaldan,120.4000,16.0670
null,NULL,NULL,Pangasinan,Mangatarem,120.3000,15.7830
null,NULL,NULL,Pangasinan,Mapandan,120.4500,16.0170
null,NULL,NULL,Pangasinan,Natividad,120.8170,16.0500
null,NULL,NULL,Pangasinan,Pozzorubio,120.5500,16.1170
null,NULL,NULL,Pangasinan,Rosales,120.6330,15.8830
null,NULL,NULL,Pangasinan,San Fabian,120.4500,16.1500
null,NULL,NULL,Pangasinan,San Jacinto,120.4411,16.0725
null,NULL,NULL,Pangasinan,San Manuel,120.6670,16.0670
null,NULL,NULL,Pangasinan,San Nicolas,120.7653,16.0700
null,NULL,NULL,Pangasinan,San Quintin,120.8150,15.9844
null,NULL,NULL,Pangasinan,Sta. Barbara,120.4008,16.0031
null,NULL,NULL,Pangasinan,Sta. Maria,120.7003,15.9808
null,NULL,NULL,Pangasinan,Sto. Tomas,120.5847,15.7119
null,NULL,NULL,Pangasinan,Sison,120.5222,16.1569
null,NULL,NULL,Pangasinan,Sual,120.1000,16.0670
null,NULL,NULL,Pangasinan,Tayug,120.7478,16.0236
null,NULL,NULL,Pangasinan,Umingan,120.8000,15.9000
null,NULL,NULL,Pangasinan,Urbiztondo,120.3500,15.8170
null,NULL,NULL,Pangasinan,Villasis,120.5830,15.9000
null,NULL,NULL,Quezon,Lucena City,,
null,NULL,NULL,Quezon,Tayabas City,121.5830,14.0170
null,NULL,NULL,Quezon,Agdangan,121.9170,13.8670
null,NULL,NULL,Quezon,Alabat,122.0170,14.1000
null,NULL,NULL,Quezon,Atimonan,121.9170,14.0000
null,NULL,NULL,Quezon,Buenavista,122.4675,13.7394
null,NULL,NULL,Quezon,Burdeos,121.9697,14.8436
null,NULL,NULL,Quezon,Calauag,122.2875,13.9575
null,NULL,NULL,Quezon,Candelaria,121.4233,13.9311
null,NULL,NULL,Quezon,Catanauan,122.3250,13.5917
null,NULL,NULL,Quezon,Dolores,121.3314,14.0942
null,NULL,NULL,Quezon,General Luna,122.1708,13.6881
null,NULL,NULL,Quezon,General Nakar,121.6170,14.7670
null,NULL,NULL,Quezon,Guinayangan,122.4500,13.9000
null,NULL,NULL,Quezon,Gumaca,122.1000,13.9170
null,NULL,NULL,Quezon,Infanta,121.6494,14.7425
null,NULL,NULL,Quezon,Jomalig,122.3697,14.7125
null,NULL,NULL,Quezon,Lopez,122.2670,13.8830
null,NULL,NULL,Quezon,Lucban,121.5569,14.1133
null,NULL,NULL,Quezon,Macalelon,122.1330,13.7500
null,NULL,NULL,Quezon,Mauban,121.7170,14.1830
null,NULL,NULL,Quezon,Mulanay,122.4170,13.5000
null,NULL,NULL,Quezon,Padre Burgos,121.8000,13.9170
null,NULL,NULL,Quezon,Pagbilao,121.7000,13.9670
null,NULL,NULL,Quezon,Panukulan,121.8170,14.9330
null,NULL,NULL,Quezon,Patnanungan,122.1830,14.7830
null,NULL,NULL,Quezon,Perez,121.9330,14.1830
null,NULL,NULL,Quezon,Pitogo,122.0830,13.7830
null,NULL,NULL,Quezon,Plaridel,122.0170,13.9500
null,NULL,NULL,Quezon,Polillo,121.9500,14.7170
null,NULL,NULL,Quezon,Quezon,122.1330,14.0500
null,NULL,NULL,Quezon,Real,121.6000,14.6670
null,NULL,NULL,Quezon,Sampaloc,121.5830,14.1670
null,NULL,NULL,Quezon,San Andres,122.6500,13.3670
null,NULL,NULL,Quezon,San Antonio,121.3000,13.9000
null,NULL,NULL,Quezon,San Francisco,122.5830,13.2500
null,NULL,NULL,Quezon,San Narciso,122.5650,13.5700
null,NULL,NULL,Quezon,Sariaya,121.5330,13.9670
null,NULL,NULL,Quezon,Tagkawayan,122.5330,13.9670
null,NULL,NULL,Quezon,Tiaong,121.3170,13.9500
null,NULL,NULL,Quezon,Unisan,121.9830,13.8330
null,NULL,NULL,Quirino,Aglipay,121.6500,16.4670
null,NULL,NULL,Quirino,Cabarroguis,121.5000,16.5830
null,NULL,NULL,Quirino,Diffun,121.4670,16.6000
null,NULL,NULL,Quirino,Maddela,121.7000,16.3500
null,NULL,NULL,Quirino,Nagtipunan,121.6000,16.2170
null,NULL,NULL,Quirino,Saguday,121.6000,16.5170
null,NULL,NULL,Rizal,Antipolo City,121.1670,14.5830
null,NULL,NULL,Rizal,Angono,121.1500,14.5330
null,NULL,NULL,Rizal,Baras,121.2670,14.5170
null,NULL,NULL,Rizal,Binangonan,121.1919,14.4514
null,NULL,NULL,Rizal,Cainta,121.1170,14.5670
null,NULL,NULL,Rizal,Cardona,121.2289,14.4861
null,NULL,NULL,Rizal,Jalajala,121.3222,14.3531
null,NULL,NULL,Rizal,Morong,121.2389,14.5119
null,NULL,NULL,Rizal,Pililla,121.3000,14.4830
null,NULL,NULL,Rizal,Rodriguez,121.1170,14.7170
null,NULL,NULL,Rizal,San Mateo,121.1170,14.7170
null,NULL,NULL,Rizal,Tanay,121.2830,14.5000
null,NULL,NULL,Rizal,Taytay,121.1330,14.5670
null,NULL,NULL,Rizal,Teresa,121.2000,14.5670
null,NULL,NULL,Romblon,Alcantara,122.0500,12.2670
null,NULL,NULL,Romblon,Banton,122.0800,12.9500
null,NULL,NULL,Romblon,Cajidiocan,122.6830,12.3670
null,NULL,NULL,Romblon,Calatrava,122.0670,12.6170
null,NULL,NULL,Romblon,Concepcion,121.7083,12.9250
null,NULL,NULL,Romblon,Corcuera,122.0500,12.8000
null,NULL,NULL,Romblon,Ferrol,121.9500,12.3330
null,NULL,NULL,Romblon,Looc,122.0000,12.2670
null,NULL,NULL,Romblon,Magdiwang,122.5170,12.4830
null,NULL,NULL,Romblon,Odiongan,122.0000,12.4000
null,NULL,NULL,Romblon,Romblon,122.2670,12.5670
null,NULL,NULL,Romblon,San Agustin,,
null,NULL,NULL,Romblon,San Andres,122.0170,12.5170
null,NULL,NULL,Romblon,San Fernando,122.6000,12.3170
null,NULL,NULL,Romblon,San Jose,121.9330,12.0670
null,NULL,NULL,Romblon,Sta. Fe,122.0000,12.1500
null,NULL,NULL,Romblon,Sta. Maria,122.1000,12.4500
null,NULL,NULL,Samar,Calbayog City,124.6000,12.0700
null,NULL,NULL,Samar,Catbalogan City,124.8830,11.7830
null,NULL,NULL,Samar,Almagro,124.2830,11.9170
null,NULL,NULL,Samar,Basey,125.0670,11.2830
null,NULL,NULL,Samar,Calbiga,125.0170,11.6330
null,NULL,NULL,Samar,Daram,124.7830,11.6330
null,NULL,NULL,Samar,Gandara,124.8170,12.0170
null,NULL,NULL,Samar,Hinabangan,125.0670,11.7000
null,NULL,NULL,Samar,Jiabong,124.9500,11.7670
null,NULL,NULL,Samar,Marabut,125.2170,11.1170
null,NULL,NULL,Samar,Matuguinao,124.8830,12.1500
null,NULL,NULL,Samar,Motiong,125.0000,11.7830
null,NULL,NULL,Samar,Pagsanghan,124.8000,11.9670
null,NULL,NULL,Samar,Paranas,125.1170,11.8500
null,NULL,NULL,Samar,Pinabacdao,124.9830,11.6170
null,NULL,NULL,Samar,San Jorge,124.8170,11.9830
null,NULL,NULL,Samar,San Jose De Buan,125.0700,12.0500
null,NULL,NULL,Samar,San Sebastian,125.0170,11.7000
null,NULL,NULL,Samar,Sta. Margarita,124.6670,12.0330
null,NULL,NULL,Samar,Sta. Rita,124.9500,11.4670
null,NULL,NULL,Samar,Sto. Nino,124.4194,11.9389
null,NULL,NULL,Samar,Tagapul-an,124.1500,12.0500
null,NULL,NULL,Samar,Talalora,124.8500,11.5170
null,NULL,NULL,Samar,Tarangnan,124.7500,11.9000
null,NULL,NULL,Samar,Villareal,124.9330,11.5670
null,NULL,NULL,Samar,Zumarraga,124.8500,11.6330
null,NULL,NULL,Sarangani,Alabel,125.2830,6.0830
null,NULL,NULL,Sarangani,Glan,125.2000,5.8170
null,NULL,NULL,Sarangani,Kiamba,124.6170,5.9830
null,NULL,NULL,Sarangani,Maasim,125.0000,5.8670
null,NULL,NULL,Sarangani,Maitum,124.4830,6.0330
null,NULL,NULL,Sarangani,Malapatan,125.2830,5.9670
null,NULL,NULL,Sarangani,Malungon,125.2830,6.2670
null,NULL,NULL,Siquijor,Enrique Villanueva,123.6500,9.2500
null,NULL,NULL,Siquijor,Larena,123.6000,9.2500
null,NULL,NULL,Siquijor,Lazi,123.6300,9.1300
null,NULL,NULL,Siquijor,Maria,123.6500,9.2000
null,NULL,NULL,Siquijor,San Juan,123.5000,9.1700
null,NULL,NULL,Siquijor,Siquijor,123.5200,9.2200
null,NULL,NULL,Sorsogon,Sorsogon City,124.0000,12.9700
null,NULL,NULL,Sorsogon,Barcelona,124.1330,12.8670
null,NULL,NULL,Sorsogon,Bulan,123.8830,12.6670
null,NULL,NULL,Sorsogon,Bulusan,124.1170,12.7500
null,NULL,NULL,Sorsogon,Casiguran,124.0170,12.8670
null,NULL,NULL,Sorsogon,Castilla,123.8830,12.9500
null,NULL,NULL,Sorsogon,Donsol,123.6000,12.9170
null,NULL,NULL,Sorsogon,Gubat,124.1170,12.9170
null,NULL,NULL,Sorsogon,Irosin,124.0330,12.7000
null,NULL,NULL,Sorsogon,Juban,123.9830,12.8500
null,NULL,NULL,Sorsogon,Magallanes,123.8500,12.8330
null,NULL,NULL,Sorsogon,Matnog,124.0830,12.5830
null,NULL,NULL,Sorsogon,Pilar,123.6830,12.9330
null,NULL,NULL,Sorsogon,Prieto Diaz,124.1830,13.0330
null,NULL,NULL,Sorsogon,Sta. Magdalena,124.1000,12.6500
null,NULL,NULL,South Cotabato,General Santos City,125.1700,6.1200
null,NULL,NULL,South Cotabato,Koronadal City,124.8500,6.5000
null,NULL,NULL,South Cotabato,Banga,124.7830,6.3000
null,NULL,NULL,South Cotabato,Lake Sebu,124.7000,6.2170
null,NULL,NULL,South Cotabato,Norala,124.6670,6.5500
null,NULL,NULL,South Cotabato,Polomolok,125.0670,6.2170
null,NULL,NULL,South Cotabato,Sto. Nino,124.6830,6.4330
null,NULL,NULL,South Cotabato,Surallah,124.7330,6.3670
null,NULL,NULL,South Cotabato,Tboli,,
null,NULL,NULL,South Cotabato,Tampakan,124.9330,6.4500
null,NULL,NULL,South Cotabato,Tantangan,124.7500,6.6170
null,NULL,NULL,South Cotabato,Tupi,124.9500,6.3330
null,NULL,NULL,Southern Leyte,Maasin City,124.8500,10.1330
null,NULL,NULL,Southern Leyte,Anahawan,125.2500,10.2830
null,NULL,NULL,Southern Leyte,Bontoc,124.9670,10.3500
null,NULL,NULL,Southern Leyte,Hinunangan,125.2000,10.4000
null,NULL,NULL,Southern Leyte,Hinundayan,125.2500,10.3500
null,NULL,NULL,Southern Leyte,Libagon,125.0500,10.3000
null,NULL,NULL,Southern Leyte,Liloan,125.1330,10.1500
null,NULL,NULL,Southern Leyte,Limasawa,125.0722,9.9333
null,NULL,NULL,Southern Leyte,Macrohon,124.9500,10.0830
null,NULL,NULL,Southern Leyte,Malitbog,125.0000,10.1500
null,NULL,NULL,Southern Leyte,Padre Burgos,125.0170,10.0330
null,NULL,NULL,Southern Leyte,Pintuyan,125.2500,9.9500
null,NULL,NULL,Southern Leyte,Saint Bernard,125.1330,10.2830
null,NULL,NULL,Southern Leyte,San Francisco,125.1670,10.0670
null,NULL,NULL,Southern Leyte,San Juan,125.1830,10.2670
null,NULL,NULL,Southern Leyte,San Ricardo,125.2830,9.9170
null,NULL,NULL,Southern Leyte,Silago,125.1500,10.5330
null,NULL,NULL,Southern Leyte,Sogod,124.9830,10.3830
null,NULL,NULL,Southern Leyte,Tomas Oppus,124.9830,10.2500
null,NULL,NULL,Sultan Kudarat,Tacurong City,124.6670,6.6830
null,NULL,NULL,Sultan Kudarat,Bagumbayan,124.5670,6.5330
null,NULL,NULL,Sultan Kudarat,Columbio,124.9330,6.7000
null,NULL,NULL,Sultan Kudarat,Esperanza,124.5170,6.7170
null,NULL,NULL,Sultan Kudarat,Isulan,124.6000,6.6330
null,NULL,NULL,Sultan Kudarat,Kalamansig,124.0500,6.5670
null,NULL,NULL,Sultan Kudarat,Lambayong,124.6330,6.8000
null,NULL,NULL,Sultan Kudarat,Lebak,124.0670,6.6330
null,NULL,NULL,Sultan Kudarat,Lutayan,124.8500,6.6000
null,NULL,NULL,Sultan Kudarat,Palimbang,124.2000,6.2170
null,NULL,NULL,Sultan Kudarat,President Quirino,124.7330,6.7000
null,NULL,NULL,Sultan Kudarat,Senator Ninoy Aquino,124.3330,6.4670
null,NULL,NULL,Sulu,Banguingui,121.7830,6.0670
null,NULL,NULL,Sulu,Hadji Panglima Tahil,120.9170,6.1670
null,NULL,NULL,Sulu,Indanan,121.7830,6.0670
null,NULL,NULL,Sulu,Jolo,121.0000,6.0500
null,NULL,NULL,Sulu,Kalingalan Caluang,121.2670,5.8830
null,NULL,NULL,Sulu,Lugus,120.8170,5.7000
null,NULL,NULL,Sulu,Luuk,121.3500,6.0000
null,NULL,NULL,Sulu,Maimbung,121.0330,5.9330
null,NULL,NULL,Sulu,Old Panamao,121.2500,5.9830
null,NULL,NULL,Sulu,Omar,121.4000,5.9830
null,NULL,NULL,Sulu,Pandami,120.7500,5.5330
null,NULL,NULL,Sulu,Panglima Estino,121.2000,5.9670
null,NULL,NULL,Sulu,Pangutaran,120.5830,6.3000
null,NULL,NULL,Sulu,Parang,120.9170,5.9170
null,NULL,NULL,Sulu,Pata,121.0830,5.8330
null,NULL,NULL,Sulu,Patikul,121.1000,6.0670
null,NULL,NULL,Sulu,Siasi,120.8170,5.5500
null,NULL,NULL,Sulu,Talipao,121.1000,5.9330
null,NULL,NULL,Sulu,Tapul,120.9000,5.7170
null,NULL,NULL,Surigao del Norte,Surigao City,125.4800,9.7800
null,NULL,NULL,Surigao del Norte,Alegria,125.5830,9.4670
null,NULL,NULL,Surigao del Norte,Bacuag,125.6330,9.6000
null,NULL,NULL,Surigao del Norte,Basilisa,125.6000,10.0670
null,NULL,NULL,Surigao del Norte,Burgos,126.0670,10.0170
null,NULL,NULL,Surigao del Norte,Cagdianao,125.6670,9.9170
null,NULL,NULL,Surigao del Norte,Claver,125.7330,9.5670
null,NULL,NULL,Surigao del Norte,Dapa,126.0500,9.7670
null,NULL,NULL,Surigao del Norte,Del Carmen,125.9670,9.8670
null,NULL,NULL,Surigao del Norte,Dinagat,125.6170,9.9500
null,NULL,NULL,Surigao del Norte,General Luna,126.1330,9.8000
null,NULL,NULL,Surigao del Norte,Gigaquit,125.7000,9.5830
null,NULL,NULL,Surigao del Norte,Libjo,125.5670,10.2000
null,NULL,NULL,Surigao del Norte,Loreto,125.6170,10.3500
null,NULL,NULL,Surigao del Norte,Mainit,125.5170,9.5330
null,NULL,NULL,Surigao del Norte,Malimono,125.4000,9.6170
null,NULL,NULL,Surigao del Norte,Pilar,126.1000,9.8670
null,NULL,NULL,Surigao del Norte,Placer,125.6000,9.6500
null,NULL,NULL,Surigao del Norte,San Benito,126.0170,9.9500
null,NULL,NULL,Surigao del Norte,San Francisco,125.4170,9.7330
null,NULL,NULL,Surigao del Norte,San Isidro,126.0830,9.9330
null,NULL,NULL,Surigao del Norte,San Jose,125.5889,10.0083
null,NULL,NULL,Surigao del Norte,Sta. Monica,126.0389,10.0194
null,NULL,NULL,Surigao del Norte,Sison,125.5330,9.6670
null,NULL,NULL,Surigao del Norte,Socorro,125.9500,9.6330
null,NULL,NULL,Surigao del Norte,Tagana-an,125.5830,9.7000
null,NULL,NULL,Surigao del Norte,Tubajon,125.5670,10.3000
null,NULL,NULL,Surigao del Norte,Tubod,125.5670,9.5670
null,NULL,NULL,Surigao del Sur,Bislig City,126.3500,8.1830
null,NULL,NULL,Surigao del Sur,Tandag City,126.1830,9.0670
null,NULL,NULL,Surigao del Sur,Barobo,126.2000,8.5500
null,NULL,NULL,Surigao del Sur,Bayabas,126.2670,8.9670
null,NULL,NULL,Surigao del Sur,Cagwait,126.3000,8.9170
null,NULL,NULL,Surigao del Sur,Cantilan,125.9830,9.3330
null,NULL,NULL,Surigao del Sur,Carmen,125.9670,9.2170
null,NULL,NULL,Surigao del Sur,Carrascal,125.9330,9.3670
null,NULL,NULL,Surigao del Sur,Cortes,126.1670,9.2330
null,NULL,NULL,Surigao del Sur,Hinatuan,126.3330,8.3670
null,NULL,NULL,Surigao del Sur,Lanuza,126.0670,9.2330
null,NULL,NULL,Surigao del Sur,Lianga,126.1000,8.6330
null,NULL,NULL,Surigao del Sur,Lingig,126.4170,8.0330
null,NULL,NULL,Surigao del Sur,Madrid,125.9670,9.2670
null,NULL,NULL,Surigao del Sur,Marihatag,126.3000,8.8000
null,NULL,NULL,Surigao del Sur,San Agustin,126.1330,8.7330
null,NULL,NULL,Surigao del Sur,San Miguel,126.0000,8.8830
null,NULL,NULL,Surigao del Sur,Tagbina,126.1670,8.4500
null,NULL,NULL,Surigao del Sur,Tago,126.1500,8.9670
null,NULL,NULL,Tarlac,Tarlac City,120.5830,15.4670
null,NULL,NULL,Tarlac,Anao,120.6261,15.7289
null,NULL,NULL,Tarlac,Bamban,120.5670,15.2830
null,NULL,NULL,Tarlac,Camiling,120.4170,15.7000
null,NULL,NULL,Tarlac,Capas,120.5908,15.3275
null,NULL,NULL,Tarlac,Concepcion,120.6500,15.3170
null,NULL,NULL,Tarlac,Gerona,120.6000,15.6000
null,NULL,NULL,Tarlac,La Paz,120.7289,15.4431
null,NULL,NULL,Tarlac,Mayantoc,120.3830,15.6170
null,NULL,NULL,Tarlac,Moncada,120.5670,15.7330
null,NULL,NULL,Tarlac,Paniqui,120.5830,15.6670
null,NULL,NULL,Tarlac,Pura,120.6500,15.6250
null,NULL,NULL,Tarlac,Ramos,120.6417,15.6667
null,NULL,NULL,Tarlac,San Clemente,120.3670,15.7170
null,NULL,NULL,Tarlac,San Jose,120.3330,15.4000
null,NULL,NULL,Tarlac,San Manuel,120.5830,15.8330
null,NULL,NULL,Tarlac,Sta. Ignacia,120.4330,15.6170
null,NULL,NULL,Tarlac,Victoria,120.6819,15.5781
null,NULL,NULL,Tawi-Tawi,Bongao,119.7670,5.0330
null,NULL,NULL,Tawi-Tawi,Languyan,120.0830,5.2670
null,NULL,NULL,Tawi-Tawi,Mapun,118.5000,7.0000
null,NULL,NULL,Tawi-Tawi,Panglima Sugala,120.0170,5.1830
null,NULL,NULL,Tawi-Tawi,Sapa-Sapa,120.1750,5.0750
null,NULL,NULL,Tawi-Tawi,Sibutu,119.4670,4.6830
null,NULL,NULL,Tawi-Tawi,Simunul,119.8330,4.9000
null,NULL,NULL,Tawi-Tawi,Sitangkai,119.4000,4.6670
null,NULL,NULL,Tawi-Tawi,South Ubian,120.4830,5.1830
null,NULL,NULL,Tawi-Tawi,Tandubas,120.2830,5.2500
null,NULL,NULL,Tawi-Tawi,Turtle Islands,118.3170,6.0830
null,NULL,NULL,Zambales,Olongapo City,120.2800,14.8300
null,NULL,NULL,Zambales,Botolan,120.0170,15.2830
null,NULL,NULL,Zambales,Cabangan,120.1500,15.1330
null,NULL,NULL,Zambales,Candelaria,119.9330,15.6330
null,NULL,NULL,Zambales,Castillejos,120.2000,14.9330
null,NULL,NULL,Zambales,Iba,119.9830,15.3330
null,NULL,NULL,Zambales,Masinloc,119.9500,15.5330
null,NULL,NULL,Zambales,Palauig,120.0500,15.4330
null,NULL,NULL,Zambales,San Antonio,120.0830,14.9500
null,NULL,NULL,Zambales,San Felipe,120.0700,15.0619
null,NULL,NULL,Zambales,San Marcelino,120.1500,14.9670
null,NULL,NULL,Zambales,San Narciso,120.0830,15.0170
null,NULL,NULL,Zambales,Sta. Cruz,119.9170,15.7670
null,NULL,NULL,Zambales,Subic,120.2330,14.9000
null,NULL,NULL,Zamboanga del Norte,Dapitan City,123.4170,8.6500
null,NULL,NULL,Zamboanga del Norte,Dipolog City,123.3330,8.5670
null,NULL,NULL,Zamboanga del Norte,Bacungan,122.9330,8.0830
null,NULL,NULL,Zamboanga del Norte,Baliguian,122.2500,7.8170
null,NULL,NULL,Zamboanga del Norte,Godod,122.8170,8.0000
null,NULL,NULL,Zamboanga del Norte,Gutalac,122.4000,7.9830
null,NULL,NULL,Zamboanga del Norte,Jose Dalman,123.0330,8.4500
null,NULL,NULL,Zamboanga del Norte,Kalawit,122.5330,7.9330
null,NULL,NULL,Zamboanga del Norte,Katipunan,123.2830,8.4330
null,NULL,NULL,Zamboanga del Norte,La Libertad,123.5000,8.4500
null,NULL,NULL,Zamboanga del Norte,Labason,122.5170,8.0670
null,NULL,NULL,Zamboanga del Norte,Liloy,122.6670,8.1170
null,NULL,NULL,Zamboanga del Norte,Manukan,123.1000,8.5330
null,NULL,NULL,Zamboanga del Norte,Mutia,123.4670,8.4330
null,NULL,NULL,Zamboanga del Norte,Pinan,123.4330,8.4000
null,NULL,NULL,Zamboanga del Norte,Polanco,123.3670,8.5330
null,NULL,NULL,Zamboanga del Norte,President Manuel A. Roxas,123.2170,8.4830
null,NULL,NULL,Zamboanga del Norte,Rizal,123.5330,8.5830
null,NULL,NULL,Zamboanga del Norte,Salug,122.8330,8.0330
null,NULL,NULL,Zamboanga del Norte,Sergio Osmena Sr.,123.3830,8.2670
null,NULL,NULL,Zamboanga del Norte,Siayan,123.1000,8.1330
null,NULL,NULL,Zamboanga del Norte,Sibuco,122.0670,7.2830
null,NULL,NULL,Zamboanga del Norte,Sibutad,123.4670,8.6000
null,NULL,NULL,Zamboanga del Norte,Sindangan,123.0000,8.2330
null,NULL,NULL,Zamboanga del Norte,Siocon,122.1330,7.7000
null,NULL,NULL,Zamboanga del Norte,Sirawai,122.1330,7.5830
null,NULL,NULL,Zamboanga del Norte,Tampilisan,122.6830,8.0170
null,NULL,NULL,Zamboanga del Sur,Pagadian City,123.4300,7.8300
null,NULL,NULL,Zamboanga del Sur,Zamboanga City,,
null,NULL,NULL,Zamboanga del Sur,Aurora,123.5830,7.9500
null,NULL,NULL,Zamboanga del Sur,Bayog,123.0330,7.8670
null,NULL,NULL,Zamboanga del Sur,Dimataling,123.3670,7.5330
null,NULL,NULL,Zamboanga del Sur,Dinas,123.3000,7.6330
null,NULL,NULL,Zamboanga del Sur,Dumalinao,123.3670,7.8170
null,NULL,NULL,Zamboanga del Sur,Dumingag,123.3500,8.1670
null,NULL,NULL,Zamboanga del Sur,Guipos,123.3170,7.7330
null,NULL,NULL,Zamboanga del Sur,Josefina,123.5330,8.2000
null,NULL,NULL,Zamboanga del Sur,Kumalarang,123.1500,7.7500
null,NULL,NULL,Zamboanga del Sur,Labangan,123.5170,7.8670
null,NULL,NULL,Zamboanga del Sur,Lakewood,123.1670,7.8500
null,NULL,NULL,Zamboanga del Sur,Lapuyan,123.2000,7.6330
null,NULL,NULL,Zamboanga del Sur,Mahayag,123.3830,8.1330
null,NULL,NULL,Zamboanga del Sur,Margosatubig,123.1670,7.5830
null,NULL,NULL,Zamboanga del Sur,Midsalip,123.2670,8.0000
null,NULL,NULL,Zamboanga del Sur,Molave,123.4830,8.0830
null,NULL,NULL,Zamboanga del Sur,Pitogo,123.3170,7.4500
null,NULL,NULL,Zamboanga del Sur,Ramon Magsaysay,123.4830,8.0000
null,NULL,NULL,Zamboanga del Sur,San Miguel,123.2670,7.6500
null,NULL,NULL,Zamboanga del Sur,San Pablo,123.4500,7.6500
null,NULL,NULL,Zamboanga del Sur,Sominot,123.3670,8.0170
null,NULL,NULL,Zamboanga del Sur,Tabina,123.4170,7.4670
null,NULL,NULL,Zamboanga del Sur,Tambulig,123.5330,8.0670
null,NULL,NULL,Zamboanga del Sur,Tigbao,123.2830,7.8170
null,NULL,NULL,Zamboanga del Sur,Tukuran,123.5830,7.8500
null,NULL,NULL,Zamboanga del Sur,Vincenzo A. Sagun,123.1670,7.5170
null,NULL,NULL,Zamboanga Sibugay,Alicia,122.9417,7.5083
null,NULL,NULL,Zamboanga Sibugay,Buug,123.0670,7.7330
null,NULL,NULL,Zamboanga Sibugay,Diplahan,123.0170,7.7170
null,NULL,NULL,Zamboanga Sibugay,Imelda,122.9500,7.6170
null,NULL,NULL,Zamboanga Sibugay,Ipil,122.5830,7.7830
null,NULL,NULL,Zamboanga Sibugay,Kabasalan,122.8170,7.8170
null,NULL,NULL,Zamboanga Sibugay,Mabuhay,122.9000,7.4170
null,NULL,NULL,Zamboanga Sibugay,Malangas,123.0000,7.6170
null,NULL,NULL,Zamboanga Sibugay,Naga,122.7000,7.8330
null,NULL,NULL,Zamboanga Sibugay,Olutanga,122.8330,7.3330
null,NULL,NULL,Zamboanga Sibugay,Payao,122.8500,7.5830
null,NULL,NULL,Zamboanga Sibugay,Roseller Lim,122.4670,7.7000
null,NULL,NULL,Zamboanga Sibugay,Siay,122.8830,7.7170
null,NULL,NULL,Zamboanga Sibugay,Talusan,122.8830,7.3330
null,NULL,NULL,Zamboanga Sibugay,Titay,122.5500,7.8500
null,NULL,NULL,Zamboanga Sibugay,Tungawan,122.3670,7.5000
